thunk,slot,file_target,runtime_target,file_region,runtime_region,patched,aligned16
00401000,024DBF84,02565BF0,02565BF0,securom,securom,0,1
004018A9,024D29C8,025346B0,0051904A,securom,text,1,0
004018D0,024D6330,02569AC0,02569AC0,securom,securom,0,1
004019A0,024D7464,0256E980,0256E980,securom,securom,0,1
00401AA0,024DC0E0,02561DE0,0050D320,securom,text,1,1
00401FB0,024D6138,02565BC0,02565BC0,securom,securom,0,1
00402530,024CD050,025364F0,025364F0,securom,securom,0,1
004027F0,024D6224,02569A90,02569A90,securom,securom,0,1
00402980,024D742C,0256E960,006B5570,securom,text,1,1
00402B31,024CD26C,02538870,00548510,securom,text,1,0
00403060,024D7B7C,02561DB0,02561DB0,securom,securom,0,1
00403150,024DC0A0,02565BA0,02565BA0,securom,securom,0,1
00403190,024DD170,02569A60,02569A60,securom,securom,0,1
00403570,024D5FA0,02569A30,024E8FF0,securom,securom,1,1
00403EF0,024DB4CC,0256E930,0256E930,securom,securom,0,1
00404020,024D7B78,02561D90,02561D90,securom,securom,0,1
00404199,024D2E74,02532F60,02532F60,securom,securom,0,0
00404666,024D3700,02534680,02534680,securom,securom,0,0
00406120,024DC098,02565B70,02565B70,securom,securom,0,1
00406160,024DD16C,02569A10,02569A10,securom,securom,0,1
004061A0,024D355C,025364C0,025364C0,securom,securom,0,1
004063B0,024DC398,02565B40,004FFE90,securom,text,1,1
004066F0,024D712C,0256E910,005C04C0,securom,text,1,1
00406930,024DC9F8,02565B10,0056AEC0,securom,text,1,1
00406C40,024DC350,02561D60,00609A70,securom,text,1,1
00406D70,024D6F3C,025699F0,024F8080,securom,securom,1,1
00406EB0,024DB4C4,0256E8E0,0040ABF0,securom,text,1,1
00406F20,024DC690,02561D40,02561D40,securom,securom,0,1
004070A0,024DD084,025699D0,025699D0,securom,securom,0,1
00407480,024D6F30,0256E8B0,0256E8B0,securom,securom,0,1
004074E0,024DC4F8,0299E000,0299E000,securom,securom,0,1
004075B0,024D6024,025699A0,006BC440,securom,text,1,1
00407630,024D7110,0256E880,0256E880,securom,securom,0,1
00407670,024DB5B8,02561D20,02561D20,securom,securom,0,1
00407710,024DC7F0,02565AA0,02565AA0,securom,securom,0,1
0040778A,024D3030,02532F40,02532F40,securom,securom,0,0
004078A0,024D7374,0256E860,0256E860,securom,securom,0,1
00407910,024DB8AC,02561D00,02561D00,securom,securom,0,1
00407960,024DCA18,02565A80,0046DC20,securom,text,1,1
00407AA0,024D6BCC,02569980,006B8F60,securom,text,1,1
00407B60,024D6C98,02569960,00517180,securom,text,1,1
00408930,024D7460,0256E840,024FCCA0,securom,securom,1,1
00409350,024D7F3C,02561CD0,0250AFF0,securom,securom,1,1
00409800,024DC904,02565A60,02565A60,securom,securom,0,1
00409B86,024D328C,02536490,02536490,securom,securom,0,0
00409D40,024D6F28,02569940,024F7F20,securom,securom,1,1
00409E70,024DB4B8,02DA0000,02DA0000,securom,securom,0,1
0040A020,024DBFA8,0297A000,0297A000,securom,securom,0,1
0040A070,024DD074,02569920,02569920,securom,securom,0,1
0040A110,024D6BBC,0256E7E0,0256E7E0,securom,securom,0,1
0040A190,024DC0D0,025659F0,025659F0,securom,securom,0,1
0040A1E0,024DD1A0,02569900,02569900,securom,securom,0,1
0040A260,024D6C94,0256E7C0,0256E7C0,securom,securom,0,1
0040A290,024D7D74,02561CB0,02561CB0,securom,securom,0,1
0040A2C6,024CD228,02536470,02536470,securom,securom,0,0
0040AB20,024DD2E4,025659C0,024E6480,securom,securom,1,1
0040B210,024DD2D4,025698D0,025698D0,securom,securom,0,1
0040CB10,024D6C88,025698A0,025698A0,securom,securom,0,1
0040DBC0,024D7DB0,0256E7A0,0256E7A0,securom,securom,0,1
0040DE15,024D32E8,02538840,02538840,securom,securom,0,0
0040E200,024D7D68,02561C90,02561C90,securom,securom,0,1
0040E280,024DC25C,02565990,02565990,securom,securom,0,1
0040E2E0,024DD31C,02569880,02569880,securom,securom,0,1
0040E3E0,024D6E38,0256E770,024F70E0,securom,securom,1,1
0040E490,024DC4F0,02566030,02566030,securom,securom,0,1
0040E540,024D5FF4,0256A070,0068BF60,securom,text,1,1
0040E5E0,024D34B0,02532F20,005442DE,securom,text,1,1
0040EAC0,024D7C88,0256EEF0,0256EEF0,securom,securom,0,1
0040EB33,024CDA90,02534660,004E91B1,securom,text,1,0
0040EC50,024DC3D0,02562210,004F2A70,securom,text,1,1
0040FF50,024D616C,02566000,02566000,securom,securom,0,1
0040FFB0,024D711C,0256A040,0256A040,securom,securom,0,1
00410910,024D7498,0256EED0,0256EED0,securom,securom,0,1
00410B50,024DC284,025621F0,025621F0,securom,securom,0,1
00410CD0,024DD488,02565FD0,02565FD0,securom,securom,0,1
00410E50,024D2CE0,02536440,02536440,securom,securom,0,1
00411400,024D5F60,0256A010,0256A010,securom,securom,0,1
00412740,024D72B4,0256EEB0,0256EEB0,securom,securom,0,1
00412C90,024D6E98,02569FE0,00688650,securom,text,1,1
00412CE0,024D8010,0256EE80,0250C520,securom,securom,1,1
004130DA,024CDD64,02538820,02538820,securom,securom,0,0
00413230,024D7DF8,025621C0,025621C0,securom,securom,0,1
00413290,024DC2A0,02565FB0,02565FB0,securom,securom,0,1
00413300,024DD470,02569FB0,02569FB0,securom,securom,0,1
00414B20,024D7DE8,0256EE60,0256EE60,securom,securom,0,1
00414D56,024D2E08,02536410,02536410,securom,securom,0,0
00415846,024CDBD8,02538800,00581DFD,securom,text,1,0
00415A30,024DC140,025621A0,025621A0,securom,securom,0,1
00415A90,024DD218,02565F90,02565F90,securom,securom,0,1
00415AE0,024D6C28,02569F80,02569F80,securom,securom,0,1
00416070,024D6B08,0256E460,0256E460,securom,securom,0,1
004160F0,024D7BFC,02562180,025075B0,securom,securom,1,1
004162E0,024DC2D0,02565F70,02565F70,securom,securom,0,1
004167B0,024D72DC,0256EE40,0256EE40,securom,securom,0,1
00416AD0,024DD22C,02565F40,02565F40,securom,securom,0,1
00416BB0,024CD0D4,02532F00,0040363F,securom,text,1,1
00416C40,024D6E88,02569F60,02569F60,securom,securom,0,1
00416D70,024DB47C,0256EE20,00403580,securom,text,1,1
004172E0,024D7E8C,02562160,0250A230,securom,securom,1,1
00417330,024DC430,02565F10,004D6780,securom,text,1,1
00417720,024D62B0,02569F40,02569F40,securom,securom,0,1
004178E6,024D35A8,02534630,02534630,securom,securom,0,0
00417C20,024D8008,0256EE00,0250C490,securom,securom,1,1
0041A670,024DB630,02562130,02562130,securom,securom,0,1
0041A8D0,024DC994,02565EE0,02565EE0,securom,securom,0,1
0041AF80,024D7190,02569F10,02569F10,securom,securom,0,1
0041B1D3,024CD920,025387E0,025387E0,securom,securom,0,0
0041B770,024D62A4,02569EF0,02569EF0,securom,securom,0,1
0041C583,024CDB14,02532ED0,02532ED0,securom,securom,0,0
0041C6F0,024D71E4,0256EDE0,0256EDE0,securom,securom,0,1
0041CA76,024CD3E0,02534610,02534610,securom,securom,0,0
0041D0A0,024D7BF4,02562100,02562100,securom,securom,0,1
0041D1F0,024DC190,02565EC0,02565EC0,securom,securom,0,1
0041D2E4,024D2F84,025363E0,025363E0,securom,securom,0,0
0041D560,024D6088,02569EC0,02569EC0,securom,securom,0,1
0041D5F0,024D70A4,0256EDB0,0256EDB0,securom,securom,0,1
0041D640,024DC77C,02565EA0,02565EA0,securom,securom,0,1
0041D690,024D61B0,02569EA0,02569EA0,securom,securom,0,1
0041D6E0,024D71D4,0256ED80,0256ED80,securom,securom,0,1
0041D740,024DB748,02945000,02945000,securom,securom,0,1
0041D850,024D3444,025363B0,025363B0,securom,securom,0,1
0041DD66,024CD124,025387B0,025387B0,securom,securom,0,0
0041E7B6,024CD2AC,02532EA0,02532EA0,securom,securom,0,0
0041E9E0,024DCAA4,02565E80,02565E80,securom,securom,0,1
0041EAD0,024D6C1C,02569E70,02569E70,securom,securom,0,1
0041EB00,024D7E40,0256ED50,0256ED50,securom,securom,0,1
0041EF50,024DC774,036E0000,036E0000,securom,securom,0,1
0041EF80,024D61AC,02565E50,02565E50,securom,securom,0,1
0041EFB0,024D71C8,02569E50,02569E50,securom,securom,0,1
0041EFE0,024D71C4,02569E30,02569E30,securom,securom,0,1
0041F050,024D6AF8,0256ED30,0256ED30,securom,securom,0,1
00420B3E,024CD3DC,025345F0,025345F0,securom,securom,0,0
004231B0,024DC214,0298B000,0298B000,securom,securom,0,1
00423B31,024CD780,02536390,02536390,securom,securom,0,0
00423DE0,024DB49C,0256ED10,00406C50,securom,text,1,1
00423F40,024D61EC,02566280,02566280,securom,securom,0,1
00424230,024DD3B0,0256A300,0256A300,securom,securom,0,1
004246F0,024D720C,0256F190,0256F190,securom,securom,0,1
00424800,024D2ADC,02538790,02538790,securom,securom,0,1
00426E70,024DC654,02562430,02562430,securom,securom,0,1
004272F0,024DC318,034F0000,034F0000,securom,securom,0,1
00427316,024D3450,025345C0,025345C0,securom,securom,0,0
00428210,024DD3A8,0256A2D0,0256A2D0,securom,securom,0,1
004296B1,024CD6A4,02536370,004E0340,securom,text,1,0
00429A50,024D7D18,0256F170,0256F170,securom,securom,0,1
00429DF0,024DC580,02562400,005A1380,securom,text,1,1
0042AF0B,024CD7B4,02538770,02538770,securom,securom,0,0
0042BE90,024D2C0C,02532E70,02532E70,securom,securom,0,1
0042C2E0,024DC314,02566220,02566220,securom,securom,0,1
0042CB90,024D2C70,02534590,02534590,securom,securom,0,1
0042CCA0,024D6EC8,0256A2B0,0256A2B0,securom,securom,0,1
0042CD80,024D6FE8,0256A280,0256A280,securom,securom,0,1
0042CE30,024DB57C,0256F150,0256F150,securom,securom,0,1
0042F07B,024CD82C,02536340,02536340,securom,securom,0,0
00430D50,024DC590,025623E0,025623E0,securom,securom,0,1
00430DA0,024D5FE4,02566200,02566200,securom,securom,0,1
00430DF0,024D7018,0256A260,0256A260,securom,securom,0,1
00430E40,024DB590,0256F130,0256F130,securom,securom,0,1
00431098,024CDD2C,02538750,02538750,securom,securom,0,0
00431280,024DC388,025661D0,025661D0,securom,securom,0,1
004312E0,024DD410,0256A240,0256A240,securom,securom,0,1
00431320,024D6ED8,0256F110,0256F110,securom,securom,0,1
00431776,024CD02C,02532E40,02532E40,securom,securom,0,0
004321F0,024D7DA0,025623B0,025623B0,securom,securom,0,1
004327A0,024DC8F4,025661A0,025661A0,securom,securom,0,1
00432C80,024D6F18,0256A220,0256A220,securom,securom,0,1
004336A0,024D726C,0256F0E0,0256F0E0,securom,securom,0,1
004336E0,024DB6D4,02F40000,02F40000,securom,securom,0,1
00433A03,024CD9C8,02536310,02536310,securom,securom,0,0
00433C70,024DD4FC,02566180,02566180,securom,securom,0,1
00433EC1,024CD554,025362F0,025362F0,securom,securom,0,0
00433F20,024D7230,0256A200,0256A200,securom,securom,0,1
00434240,024DD3F4,0256A1E0,0256A1E0,securom,securom,0,1
00434F00,024DC7BC,02562370,02562370,securom,securom,0,1
004351A0,024DC254,02566150,02566150,securom,securom,0,1
00435315,024D34D8,02538730,02538730,securom,securom,0,0
00436041,024D2FF0,02532E20,02532E20,securom,securom,0,0
00438FF0,024DB708,0256F0B0,0256F0B0,securom,securom,0,1
00439050,024DC138,02566580,02566580,securom,securom,0,1
004392F1,024CDA4C,02534560,02534560,securom,securom,0,0
00439F71,024D2EB8,025362D0,025362D0,securom,securom,0,0
0043D0DB,024D2BB0,02538710,0050DA8C,securom,text,1,0
0043D250,024DD460,0256A780,0256A780,securom,securom,0,1
0043D4B0,024D7070,0256F590,0256F590,securom,securom,0,1
0043D6F0,024DB73C,025626E0,025626E0,securom,securom,0,1
0043D760,024DC944,02566560,02566560,securom,securom,0,1
0043EE47,024CDBAC,02534540,02534540,securom,securom,0,0
0043F080,024DD1E4,0256A760,0256A760,securom,securom,0,1
00440B20,024D7FF8,0256F560,0256F560,securom,securom,0,1
00441810,024DB938,025626B0,025626B0,securom,securom,0,1
00441881,024CD69C,025362A0,025362A0,securom,securom,0,0
00441E01,024CD718,025386E0,025386E0,securom,securom,0,0
00441E80,024D71C0,0256A740,0256A740,securom,securom,0,1
00443146,024CD828,02534510,02534510,securom,securom,0,0
00443F20,024D72D0,0256A720,0256A720,securom,securom,0,1
00443F80,024CD918,02536270,02536270,securom,securom,0,1
004446B1,024D3724,025386B0,025386B0,securom,securom,0,0
00444B00,024D7FEC,0256F530,0256F530,securom,securom,0,1
00446380,024D2D18,02532E00,0054053F,securom,text,1,1
00450060,024D3174,025344E0,025344E0,securom,securom,0,1
00450EE0,024DC7B4,03700000,03700000,securom,securom,0,1
00451660,024DC8A0,02566540,02566540,securom,securom,0,1
004516C0,024D62F4,0256A6F0,0256A6F0,securom,securom,0,1
00459A10,024D7EA4,0256F510,0256F510,securom,securom,0,1
00459A30,024DD3C8,02566520,0061CE00,securom,text,1,1
0045D650,024DC890,02566500,02566500,securom,securom,0,1
0045D7B0,024D63E8,0256A6C0,0256A6C0,securom,securom,0,1
0045D870,024D7520,0256F4F0,0256F4F0,securom,securom,0,1
0045D8C0,024DB9B4,02562670,02562670,securom,securom,0,1
0045D910,024DCBDC,025664D0,025664D0,securom,securom,0,1
0045DFD0,024D7328,0256A690,0256A690,securom,securom,0,1
0045E250,024D6EC4,0256F4C0,0256F4C0,securom,securom,0,1
0045E2A0,024D8070,02562640,02562640,securom,securom,0,1
0045E2E0,024DC4B0,025664A0,025664A0,securom,securom,0,1
0045E450,024D60E4,0256A670,0256A670,securom,securom,0,1
0045E4A3,024D3460,02536250,02536250,securom,securom,0,0
0045E540,024D7204,0256F490,0256F490,securom,securom,0,1
0045F060,024DC208,0298A000,0298A000,securom,securom,0,1
0045F0B0,024DD290,0256A650,0256A650,securom,securom,0,1
0045F350,024D6FE0,0256F460,0256F460,securom,securom,0,1
0045FB2B,024CD4CC,02536220,02536220,securom,securom,0,0
0045FB60,024DC4A8,02562610,02562610,securom,securom,0,1
0045FBD0,024DD4E4,02566450,02566450,securom,securom,0,1
0045FFF0,024D731C,0256A620,0256A620,securom,securom,0,1
00460070,024D6C7C,0256F430,0256F430,securom,securom,0,1
00460100,024D7F30,025625E0,025625E0,securom,securom,0,1
004606C0,024DC930,02566430,02566430,securom,securom,0,1
004609A0,024D6618,0256A5F0,0256A5F0,securom,securom,0,1
00460A00,024D6E14,0256A5D0,0256A5D0,securom,securom,0,1
00460F20,024DB7B8,0256F410,0256F410,securom,securom,0,1
00462630,024DC8EC,02566400,02566400,securom,securom,0,1
004638F0,024D37C0,02538680,02538680,securom,securom,0,1
00463E10,024D725C,0256A5A0,0256A5A0,securom,securom,0,1
00463F10,024DB7B0,0256F3F0,0048A4A0,securom,text,1,1
00464450,024DC6C0,02566860,02566860,securom,securom,0,1
00464790,024D6420,0256AB20,004FF380,securom,text,1,1
00464850,024D757C,0256F870,024FE210,securom,securom,1,1
00467B70,024CDD1C,02538650,00540506,securom,text,1,1
00468B60,024DC4C8,02562910,005A0A30,securom,text,1,1
004693C0,024D6020,0256AAF0,006176B0,securom,text,1,1
00469680,024D7368,0256F840,0256F840,securom,securom,0,1
00469FB0,024D6344,02566830,02566830,securom,securom,0,1
0046A1C0,024DD43C,0256AAC0,0256AAC0,securom,securom,0,1
0046A639,024D37C8,025348F0,025348F0,securom,securom,0,0
0046AA60,024D7F90,0256F820,0250BCA0,securom,securom,1,1
0046AB80,024DC4EC,025628E0,00518FA0,securom,text,1,1
0046B300,024DC5C4,02566800,004A42A0,securom,text,1,1
0046B340,024D5FD4,0256AA90,00515980,securom,text,1,1
0046B520,024D724C,0256F7F0,024FB410,securom,securom,1,1
0046D2D0,024DC504,025667E0,025667E0,securom,securom,0,1
0046DB00,024D6F10,0256AA60,024F7D90,securom,securom,1,1
0046DC10,024DB4F4,0256F7D0,0041E9F0,securom,text,1,1
0046DC70,024DC5D8,025628C0,025628C0,securom,securom,0,1
0046E476,024CD56C,02536850,0051F64E,securom,text,1,0
0046E909,024CDC38,02538B80,02538B80,securom,securom,0,0
0046EA90,024DD434,025667C0,0067BCF0,securom,text,1,1
0046FBF0,024D6F78,0256AA30,024F8650,securom,securom,1,1
00470600,024DB7F4,02562890,02562890,securom,securom,0,1
00470680,024DC96C,02566790,02566790,securom,securom,0,1
00470709,024CD474,02533220,02533220,securom,securom,0,0
004707D0,024D6438,0256AA10,00689690,securom,text,1,1
00470A60,024D6E7C,02569E10,02569E10,securom,securom,0,1
00470BE0,024DB46C,0256ECE0,0256ECE0,securom,securom,0,1
00470CA0,024D607C,02566770,024E99B0,securom,securom,1,1
00471B46,024CD78C,025348D0,00516391,securom,text,1,0
00471C60,024D7060,0256A9F0,0256A9F0,securom,securom,0,1
00471CC0,024DB544,02DF0000,02DF0000,securom,securom,0,1
00471D20,024D61A8,02566740,024EAD20,securom,securom,1,1
00471E10,024D72AC,0256A9C0,024FB660,securom,securom,1,1
0047209E,024D2B90,02536830,02536830,securom,securom,0,0
00472280,024D6F98,0256F770,0256F770,securom,securom,0,1
00472490,024DB624,02562860,02562860,securom,securom,0,1
004727F0,024DCA98,02566710,02566710,securom,securom,0,1
00472890,024D6554,0256A990,0256A990,securom,securom,0,1
004729E0,024D76F4,0256F750,0256F750,securom,securom,0,1
00472A40,024DC424,02562840,02562840,securom,securom,0,1
00475530,024DC85C,025666F0,025666F0,securom,securom,0,1
00476970,024D666C,0256A970,006C7010,securom,text,1,1
004769E0,024D66B0,0256A940,024EEFD0,securom,securom,1,1
00476C90,024DB53C,0256F720,0256F720,securom,securom,0,1
00476D40,024DC76C,02562820,02562820,securom,securom,0,1
004771C0,024DC44C,025666C0,025666C0,securom,securom,0,1
00477900,024D6668,0256A920,0256A920,securom,securom,0,1
004779BD,024CD5B8,02533200,02533200,securom,securom,0,0
00477B70,024D62D8,02566CB0,02566CB0,securom,securom,0,1
00477BC0,024D72F4,0256B050,0256B050,securom,securom,0,1
00477C50,024DB844,0255E350,0255E350,securom,securom,0,1
00478180,024DC7B0,02566C80,02566C80,securom,securom,0,1
0047AEB0,024D7634,0256B020,024FF050,securom,securom,1,1
0047AF60,024DBB60,0255E330,00526A80,securom,text,1,1
0047B390,024DB870,02948000,02948000,securom,securom,0,1
0047B500,024DCBA4,02566C50,02566C50,securom,securom,0,1
0047D090,024D60D4,0256B000,006A4880,securom,text,1,1
0047D490,024D64AC,0256AFD0,0069B870,securom,text,1,1
0047D720,024D7820,0255E310,02501250,securom,securom,1,1
0047F2F0,024DB79C,02562CD0,00403160,securom,text,1,1
004802D0,024DC8E8,02566C20,02566C20,securom,securom,0,1
00480310,024D63D8,0256AFB0,005FFEA0,securom,text,1,1
00480516,024D29DC,02536810,00521596,securom,text,1,0
00481080,024CD9AC,02538B60,02538B60,securom,securom,0,1
00481240,024D7310,0255E2F0,0255E2F0,securom,securom,0,1
00481CC0,024D6414,02566C00,02566C00,securom,securom,0,1
00482B00,024D7308,0256AF90,0256AF90,securom,securom,0,1
00483540,024D7648,0255E2C0,0255E2C0,securom,securom,0,1
00483F60,024DCCA4,02562CA0,02562CA0,securom,securom,0,1
00488DF0,024D6500,02566BE0,02566BE0,securom,securom,0,1
0048A430,024D64DC,0256AF70,0256AF70,securom,securom,0,1
0048A490,024D7570,0255E290,0255E290,securom,securom,0,1
0048A8A0,024DBD94,02562C70,004CC8F0,securom,text,1,1
0048BF06,024CDAE4,025348A0,025348A0,securom,securom,0,0
0048C590,024DCC08,02566BB0,02566BB0,securom,securom,0,1
0048C5E0,024D6608,0256AF50,0256AF50,securom,securom,0,1
0048C6E0,024D671C,0256AF20,0256AF20,securom,securom,0,1
0048C7C0,024D7874,0255E260,02501AA0,securom,securom,1,1
0048C980,024DBEB4,02562C50,004905B0,securom,text,1,1
0048CC40,024D6408,02566B90,02566B90,securom,securom,0,1
0048D580,024D65C8,0256AEF0,0256AEF0,securom,securom,0,1
0048DA00,024DB6A8,02941000,02941000,securom,securom,0,1
0048E296,024D35D4,025367F0,025367F0,securom,securom,0,0
0048E500,024DCBFC,02566B70,024E18B0,securom,securom,1,1
004905A0,024D663C,0256AED0,0256AED0,securom,securom,0,1
00490620,024D7770,0255E200,0255E200,securom,securom,0,1
00491700,024DBCA4,02562C30,02562C30,securom,securom,0,1
0049236A,024D3330,025367D0,025367D0,securom,securom,0,0
00493580,024DCC2C,02566B40,02566B40,securom,securom,0,1
00493690,024D672C,0256AEB0,0256AEB0,securom,securom,0,1
004936B0,024D77C4,0255E1D0,0255E1D0,securom,securom,0,1
004936D0,024DBBE8,02562C10,02562C10,securom,securom,0,1
004936F0,024DCD0C,02566B20,02566B20,securom,securom,0,1
00493710,024D67A8,0256AE90,0256AE90,securom,securom,0,1
00493840,024D68C8,0256AE70,0256AE70,securom,securom,0,1
004939F0,024D7AE0,0255E1A0,0255E1A0,securom,securom,0,1
00494400,024DB9C8,02562BE0,004ACF10,securom,text,1,1
00494460,024DCB3C,02566B00,0058B6C0,securom,text,1,1
004944C0,024D6548,0256AE40,024EDA00,securom,securom,1,1
00494B00,024DB7D8,0255E170,0255E170,securom,securom,0,1
00494E10,024D6638,02566AD0,02566AD0,securom,securom,0,1
00494FA0,024D77C0,0256AE20,0256AE20,securom,securom,0,1
004950E0,024D7180,0255E140,024FAA80,securom,securom,1,1
00495790,024DBCC8,02562BC0,02562BC0,securom,securom,0,1
004959B0,024DCFA8,02566AA0,02566AA0,securom,securom,0,1
00495CC0,024D74D4,0256AE00,024FD720,securom,securom,1,1
00495D10,024DBA04,0255E110,004B5BA0,securom,text,1,1
00495EA0,024DCC58,02562BA0,02562BA0,securom,securom,0,1
00495F5E,024D31BC,02538B40,02538B40,securom,securom,0,0
00496660,024DCCE0,02566A70,02566A70,securom,securom,0,1
00498C34,024CDCCC,02534880,02534880,securom,securom,0,0
00499750,024D7894,0255E0E0,02502180,securom,securom,1,1
0049A380,024DB91C,02562B70,02562B70,securom,securom,0,1
0049B380,024CD778,025367B0,025367B0,securom,securom,0,1
0049C910,024DCF8C,02566A40,024E3C60,securom,securom,1,1
0049C9F0,024D6A08,0256ADE0,0256ADE0,securom,securom,0,1
0049CBC0,024DB824,0255E0B0,0255E0B0,securom,securom,0,1
0049E1D0,024DC84C,03740000,03740000,securom,securom,0,1
0049E290,024D6370,0256B5B0,0256B5B0,securom,securom,0,1
0049F5B0,024D76CC,0255E8C0,0255E8C0,securom,securom,0,1
0049F774,024CD954,02538B20,02538B20,securom,securom,0,0
0049FDE3,024D3678,025331E0,025331E0,securom,securom,0,0
004A0570,024DBCB8,03240000,03240000,securom,securom,0,1
004A0590,024DCD90,025670A0,025670A0,securom,securom,0,1
004A0950,024D6BF4,0256B580,0256B580,securom,securom,0,1
004A0C10,024DBAD8,03190000,03190000,securom,securom,0,1
004A1910,024DC128,025630E0,025630E0,securom,securom,0,1
004A2954,024D2DB4,02534850,02534850,securom,securom,0,0
004A3580,024D67BC,0256B560,0256B560,securom,securom,0,1
004A3600,024D68BC,0256B540,0256B540,securom,securom,0,1
004A3640,024D79E4,0255E860,0255E860,securom,securom,0,1
004A3690,024DBDD0,032E0000,032E0000,securom,securom,0,1
004A39C0,024DD210,02567080,02567080,securom,securom,0,1
004A3B80,024D75A4,0256B520,024FE400,securom,securom,1,1
004A3C40,024DBAD0,03180000,03180000,securom,securom,0,1
004A3CA0,024D6658,02567060,024EEB60,securom,securom,1,1
004A3DB0,024D77B0,0256B500,02500A90,securom,securom,1,1
004A3F30,024DBDC4,0255E820,0050DB90,securom,text,1,1
004A4290,024DBA40,02563080,02563080,securom,securom,0,1
004A4300,024DCC20,02567040,02567040,securom,securom,0,1
004A4350,024D6648,0256B4D0,0256B4D0,securom,securom,0,1
004A4380,024D76C0,0255E7F0,0255E7F0,securom,securom,0,1
004A43F0,024DBB18,02563050,02563050,securom,securom,0,1
004A4440,024DCCDC,02567010,02567010,securom,securom,0,1
004A459C,024D3108,02536790,00505392,securom,text,1,0
004A5240,024D6520,0256B4B0,0256B4B0,securom,securom,0,1
004A6936,024CD9E0,02536080,02536080,securom,securom,0,0
004A8360,024D6640,0256AB50,0256AB50,securom,securom,0,1
004A8650,024D79FC,0255DDC0,0255DDC0,securom,securom,0,1
004A89D0,024DC160,02987000,02987000,securom,securom,0,1
004A8B00,024D651C,02566FE0,02566FE0,securom,securom,0,1
004A9730,024D69F0,0256B480,0256B480,securom,securom,0,1
004AA7E0,024D7B00,0255E7C0,0255E7C0,securom,securom,0,1
004ACF00,024D68F4,02566FC0,024F1A00,securom,securom,1,1
004AD600,024D68E4,0256B460,00593F70,securom,text,1,1
004AD790,024D7AD0,0255E790,006B8D20,securom,text,1,1
004AD820,024DC010,02563000,02563000,securom,securom,0,1
004ADAD0,024D6474,02566F90,006B5820,securom,text,1,1
004ADB50,024D337C,02538AF0,0054B4A0,securom,text,1,1
004ADBB0,024D75D4,0256B430,0058C840,securom,text,1,1
004ADF20,024DBE00,0255E770,00526C00,securom,text,1,1
004ADFA0,024DCEC8,02562FD0,02562FD0,securom,securom,0,1
004AE300,024DCC50,02566F60,02566F60,securom,securom,0,1
004AE3A0,024D66AC,0256B410,024EEEC0,securom,securom,1,1
004AF657,024D323C,02534830,00509846,securom,text,1,0
004B0520,024D6824,0256B3F0,024F0C70,securom,securom,1,1
004B0730,024D7B48,0255E740,02506280,securom,securom,1,1
004B08A0,024DC03C,02980000,02980000,securom,securom,0,1
004B0F40,024D7A3C,0256B3C0,02504E80,securom,securom,1,1
004B1120,024D7510,0255E710,024FDA60,securom,securom,1,1
004B116B,024D30E8,02536760,004DE156,securom,text,1,0
004B12B0,024DCBD8,02566F40,02566F40,securom,securom,0,1
004B2233,024CD264,02538AD0,00536C51,securom,text,1,0
004B2370,024D66C4,0256B3A0,0048C5A0,securom,text,1,1
004B23A0,024D7748,0255E6E0,025003D0,securom,securom,1,1
004B2590,024DCE08,02566F10,0059F160,securom,text,1,1
004B2693,024D2C28,025331B0,0043F091,securom,text,1,0
004B2800,024D6B74,0256B370,006B4F30,securom,text,1,1
004B2870,024D7C28,0255E6B0,0255E6B0,securom,securom,0,1
004B2A00,024DCAE4,02562F80,005802A0,securom,text,1,1
004B2D90,024D6784,02566EF0,02566EF0,securom,securom,0,1
004B2DE0,024D7834,0256B340,0256B340,securom,securom,0,1
004B3C10,024D7720,0256B320,0256B320,securom,securom,0,1
004B3C60,024DBB28,031B0000,031B0000,securom,securom,0,1
004B5B90,024DCB9C,02562F50,02562F50,securom,securom,0,1
004B6580,024DCDFC,02566EC0,02566EC0,securom,securom,0,1
004B6780,024D6A30,0256B2F0,0256B2F0,securom,securom,0,1
004B6A70,024DB964,0255E650,0255E650,securom,securom,0,1
004B6B20,024D6594,02567300,024EE210,securom,securom,1,1
004B6C50,024D3380,02538AA0,00554B46,securom,text,1,1
004B6C80,024D7714,0256B840,02500160,securom,securom,1,1
004B6CF0,024DBB50,0255EB40,0051F980,securom,text,1,1
004B6E30,024DCDF0,02563350,004B6C90,securom,text,1,1
004B6E70,024D681C,025672D0,024F0BD0,securom,securom,1,1
004B6EF0,024D7928,0256B810,0256B810,securom,securom,0,1
004B6F30,024DBE40,0255EB10,0255EB10,securom,securom,0,1
004B6F80,024DCEFC,02563330,02563330,securom,securom,0,1
004B70F0,024DC9C0,025672A0,025672A0,securom,securom,0,1
004B7150,024D64A4,0256B7F0,0256B7F0,securom,securom,0,1
004B7210,024D658C,0256B7D0,0256B7D0,securom,securom,0,1
004B73C0,024D773C,0255EAF0,02500320,securom,securom,1,1
004B7600,024DBE3C,02563310,00527F60,securom,text,1,1
004B76D0,024DCF3C,02567280,005F4B00,securom,text,1,1
004B7710,024D6A20,0256B7A0,024F3030,securom,securom,1,1
004B7B50,024DBA7C,02954000,02954000,securom,securom,0,1
004B7BF0,024D65B4,02567250,02567250,securom,securom,0,1
004B8B86,024D3048,02536740,0057A841,securom,text,1,0
004BC0B0,024D63CC,0256B770,0256B770,securom,securom,0,1
004BC440,024D7828,0255EA90,0255EA90,securom,securom,0,1
004BCC85,024CDC10,02538A70,02538A70,securom,securom,0,0
004BDD50,024D3530,02533190,02533190,securom,securom,0,1
004BE070,024DB864,025632F0,025632F0,securom,securom,0,1
004BE0A0,024DC9EC,02567220,00591520,securom,text,1,1
004BE970,024DC1F8,025632D0,00551810,securom,text,1,1
004BEA00,024D649C,02567200,02567200,securom,securom,0,1
004BEAE0,024D7538,0256B740,024FDD80,securom,securom,1,1
004BEB80,024D7624,0256B710,0256B710,securom,securom,0,1
004BEC30,024DBB44,0255EA60,0255EA60,securom,securom,0,1
004BED60,024DCD3C,025632A0,00677270,securom,text,1,1
004C0C20,024D66EC,025671E0,025671E0,securom,securom,0,1
004C0C70,024D7760,0256B6F0,02500530,securom,securom,1,1
004C0FA2,024D2D4C,02538A40,00407526,securom,text,1,0
004C1500,024D794C,0255EA30,02503360,securom,securom,1,1
004C1760,024DCCCC,02567610,00631DE0,securom,text,1,1
004C28A0,024D6BE8,0256BB90,024F4830,securom,securom,1,1
004C48DA,024CDAB8,02536720,004F30EC,securom,text,1,0
004C9530,024D79A4,0255EFE0,02504150,securom,securom,1,1
004C9DB0,024DCD80,02563680,02563680,securom,securom,0,1
004C9E20,024CD714,02538A20,0056A855,securom,text,1,1
004CC3B0,024D34C8,02533160,00555F62,securom,text,1,1
004CC440,024DCD74,025675E0,00471CD0,securom,text,1,1
004CC550,024D79DC,0255EFB0,0255EFB0,securom,securom,0,1
004CC590,024DBDB4,02563660,02563660,securom,securom,0,1
004CC680,024DCF88,025675B0,00475540,securom,text,1,1
004CC710,024D6AA4,0256BB70,004F84A0,securom,text,1,1
004CC7A0,024D6AE8,0256BB50,00506C50,securom,text,1,1
004CC7E0,024D7BE0,0255EF90,025072D0,securom,securom,1,1
004CC830,024DC118,02563630,00527020,securom,text,1,1
004CC8E0,024DD20C,02567590,02567590,securom,securom,0,1
004CC970,024D6D44,0256BB30,024F61F0,securom,securom,1,1
004CCA10,024DB9F8,0255EF60,004CEB70,securom,text,1,1
004CCAB0,024D653C,02567560,00697920,securom,text,1,1
004CCB50,024D768C,0256BB00,0256BB00,securom,securom,0,1
004CCBF0,024DBAF8,0255EF30,0255EF30,securom,securom,0,1
004CCC90,024DCCC0,02563610,0059ECB0,securom,text,1,1
004CCD90,024D67B8,02567540,00501120,securom,text,1,1
004CCFA0,024D7AC4,0256BAD0,02505B30,securom,securom,1,1
004CD000,024D7488,0255EF00,024FD270,securom,securom,1,1
004CD090,024DB910,025635E0,00624F70,securom,text,1,1
004CDF30,024D69EC,02567520,02567520,securom,securom,0,1
004CE983,024D2AB8,02534800,004DF02C,securom,text,1,0
004CEAF0,024D75B0,0256BAB0,024FE610,securom,securom,1,1
004CEB60,024DBAC8,0255EED0,00507FD0,securom,text,1,1
004CECA0,024D6748,02567500,006B9020,securom,text,1,1
004CEE60,024D79D8,0256BA80,006AEDB0,securom,text,1,1
004CEEA0,024DBDF4,0255EEA0,004D6140,securom,text,1,1
004CEF20,024D69E8,025674D0,025674D0,securom,securom,0,1
004CEFC0,024D7AB8,0256BA60,0256BA60,securom,securom,0,1
004CF0B0,024D74C4,0255EE70,00582670,securom,text,1,1
004CF120,024DB9EC,025635C0,025635C0,securom,securom,0,1
004CF170,024DCB34,025674A0,025674A0,securom,securom,0,1
004D0A80,024D75C4,0256BA40,0256BA40,securom,securom,0,1
004D1C9A,024D2A18,025389F0,025389F0,securom,securom,0,0
004D2736,024CD39C,02533140,02533140,securom,securom,0,0
004D2C80,024DBC24,0255EE40,0255EE40,securom,securom,0,1
004D2F6A,024D3718,025347D0,025347D0,securom,securom,0,0
004D3B20,024D369C,025366F0,025366F0,securom,securom,0,1
004D3FAC,024D3160,025366D0,025366D0,securom,securom,0,0
004D46D0,024DBF5C,025635A0,025635A0,securom,securom,0,1
004D4760,024DD0EC,02567470,02567470,securom,securom,0,1
004D47C0,024D6B64,0256BA10,0256BA10,securom,securom,0,1
004D4810,024D6C14,0256B9F0,0256B9F0,securom,securom,0,1
004D4840,024D7CF4,0255EE10,0255EE10,securom,securom,0,1
004D4980,024DC2C0,02563570,02563570,securom,securom,0,1
004D52D0,024D2DC8,025389D0,025389D0,securom,securom,0,1
004D5430,024D67D8,0256B9C0,0256B9C0,securom,securom,0,1
004D54B0,024D78E8,0255EDF0,0255EDF0,securom,securom,0,1
004D5D00,024D78DC,0256BF00,0256BF00,securom,securom,0,1
004D5D40,024DBD24,0255F400,0255F400,securom,securom,0,1
004D6770,024DC014,025639C0,025639C0,securom,securom,0,1
004D67E0,024DD124,02567940,02567940,securom,securom,0,1
004D6980,024D6D80,0256BEE0,0256BEE0,securom,securom,0,1
004D6A70,024DBA68,0255F3D0,0255F3D0,securom,securom,0,1
004D6AF0,024DCB90,025639A0,025639A0,securom,securom,0,1
004D6B60,024D669C,02567910,02567910,securom,securom,0,1
004D6BA0,024D7710,0256BEB0,0256BEB0,securom,securom,0,1
004D6C70,024DBC14,03200000,03200000,securom,securom,0,1
004D6D20,024DCDC0,02563980,02563980,securom,securom,0,1
004D6D80,024D680C,025678F0,025678F0,securom,securom,0,1
004D78D0,024D6C44,0256BE80,0256BE80,securom,securom,0,1
004D96A0,024D7B44,0255F380,0255F380,securom,securom,0,1
004D9790,024DD114,025678C0,025678C0,securom,securom,0,1
004D9870,024D6C34,0256BE60,0256BE60,securom,securom,0,1
004D9960,024D7E94,0255F350,0255F350,securom,securom,0,1
004D9A10,024DCB80,02563950,02563950,securom,securom,0,1
004DACB6,024D3624,025366B0,025366B0,securom,securom,0,0
004DB520,024DCEF4,025678A0,025678A0,securom,securom,0,1
004DB560,024D6960,0256BE40,0256BE40,securom,securom,0,1
004DB5D0,024DBE60,03300000,03300000,securom,securom,0,1
004DBE90,024D6954,02567870,02567870,securom,securom,0,1
004DC900,024D7E7C,0255E620,0255E620,securom,securom,0,1
004DC9C0,024DC308,025638F0,025638F0,securom,securom,0,1
004DCA90,024D6584,02567840,02567840,securom,securom,0,1
004DCAC0,024D7614,0256BE20,0256BE20,securom,securom,0,1
004DD580,024D7A34,0255F320,0255F320,securom,securom,0,1
004DD930,024DD3A4,02567810,02567810,securom,securom,0,1
004DD960,024D6DC0,0256BDF0,0256BDF0,securom,securom,0,1
004DD9F0,024D7EDC,0255F2F0,0255F2F0,securom,securom,0,1
004DDAC0,024DCBC8,025638D0,025638D0,securom,securom,0,1
004DDB40,024D66B8,025677F0,025677F0,securom,securom,0,1
004DDBB0,024D7734,0256BDC0,0256BDC0,securom,securom,0,1
004DDCA0,024DBC54,0255F2D0,0255F2D0,securom,securom,0,1
004DDD30,024DCDE4,025638B0,025638B0,securom,securom,0,1
004DDDC3,024CD540,025349A0,025349A0,securom,securom,0,0
004DE010,024DCAD8,025677D0,025677D0,securom,securom,0,1
004DE050,024D6494,0256BD90,0256BD90,securom,securom,0,1
004DE090,024D648C,0256BD60,0256BD60,securom,securom,0,1
004DE150,024DBA78,02563890,02563890,securom,securom,0,1
004DE1A0,024DCBC0,025677B0,025677B0,securom,securom,0,1
004DE2F0,024D66DC,0256BD30,0256BD30,securom,securom,0,1
004DEED0,024DBE54,0255F2A0,0255F2A0,securom,securom,0,1
004DF050,024DCD60,02567D40,02567D40,securom,securom,0,1
004DF570,024DC248,02563EA0,02563EA0,securom,securom,0,1
004DF740,024DD4D4,02567D10,02567D10,securom,securom,0,1
004DF970,024D7100,0256C350,0256C350,securom,securom,0,1
004DFF10,024D3254,025368F0,025368F0,securom,securom,0,1
004E0330,024D7BA8,0255F970,0255F970,securom,securom,0,1
004E0360,024DBFD8,02563E80,02563E80,securom,securom,0,1
004E0F40,024D7F84,0256C320,0256C320,securom,securom,0,1
004E0FE0,024D7FCC,0256C2F0,0256C2F0,securom,securom,0,1
004E1074,024CD0F4,02533310,02533310,securom,securom,0,0
004E11C0,024D79D0,0255F950,0255F950,securom,securom,0,1
004E1280,024DBEC4,02972000,02972000,securom,securom,0,1
004E1330,024DD0A0,02567CE0,02567CE0,securom,securom,0,1
004E1380,024D6A98,0256C2D0,0256C2D0,securom,securom,0,1
004E1AB3,024D335C,02534980,02534980,securom,securom,0,0
004E2620,024D7F7C,0255F930,0250BB50,securom,securom,1,1
004E3070,024D7890,0255F910,0255F910,securom,securom,0,1
004E3675,024CD4F4,02538C00,02538C00,securom,securom,0,0
004E3A40,024DCE70,02563E30,02563E30,securom,securom,0,1
004E3DB9,024D36A8,025332E0,025332E0,securom,securom,0,0
004E4230,024CD668,02534950,02534950,securom,securom,0,1
004E4480,024DD1E0,02567CB0,02567CB0,securom,securom,0,1
004E4520,024D6CF8,0256C2B0,0256C2B0,securom,securom,0,1
004E4610,024D7F6C,0255F8E0,0255F8E0,securom,securom,0,1
004E4900,024DC700,029AE000,029AE000,securom,securom,0,1
004E4E80,024D6D34,02567C80,02567C80,securom,securom,0,1
004E52E0,024D6A00,0256C290,0256C290,securom,securom,0,1
004E53B0,024D6AA8,0256C270,0256C270,securom,securom,0,1
004E55B0,024D7DE0,0255F8B0,0255F8B0,securom,securom,0,1
004E5650,024DC3E8,02563DC0,02563DC0,securom,securom,0,1
004E56F0,024DD484,02567C50,02567C50,securom,securom,0,1
004E5750,024D6F6C,0256C250,0256C250,securom,securom,0,1
004E5820,024DB4EC,0255F890,0255F890,securom,securom,0,1
004E5890,024D344C,025368C0,025368C0,securom,securom,0,1
004E5920,024D6184,02567C20,02567C20,securom,securom,0,1
004E5A20,024D79C0,0256C230,0256C230,securom,securom,0,1
004E5A90,024DBDA4,0296B000,0296B000,securom,securom,0,1
004E5AE0,024DCEAC,02563D90,02563D90,securom,securom,0,1
004E5B10,024D69E0,02567C00,02567C00,securom,securom,0,1
004E5B50,024DBEF4,03350000,03350000,securom,securom,0,1
004E5B80,024DCF7C,02563D60,02563D60,securom,securom,0,1
004E5BB0,024D69FC,02567BE0,02567BE0,securom,securom,0,1
004E5BE0,024D7AB0,0256C200,0256C200,securom,securom,0,1
004E5CC0,024D7BD8,0256C1E0,0256C1E0,securom,securom,0,1
004E5D00,024DC0FC,0255F7E0,0255F7E0,securom,securom,0,1
004E5DA0,024DD200,02563D40,005F29A0,securom,text,1,1
004E5E37,024CDA48,025368A0,00433FD6,securom,text,1,0
004E6296,024D36D4,02538BE0,02538BE0,securom,securom,0,0
004E7770,024D5F5C,02567BB0,02567BB0,securom,securom,0,1
004E7815,024CCF50,025332B0,004B76E1,securom,text,1,0
004E7B70,024D69DC,02567B80,02567B80,securom,securom,0,1
004E8230,024D7A9C,0255F7C0,004336B0,securom,text,1,1
004E8FA0,024DD474,02563D20,02563D20,securom,securom,0,1
004E9100,024D68B8,0256C1C0,0256C1C0,securom,securom,0,1
004E9180,024D79BC,0255F790,0255F790,securom,securom,0,1
004E9200,024DBEE8,02563CF0,02563CF0,securom,securom,0,1
004E93C0,024DD0D8,02567B60,02567B60,securom,securom,0,1
004E9420,024D6BE0,0256C1A0,0256C1A0,securom,securom,0,1
004E94C0,024D6C0C,0256C170,0256C170,securom,securom,0,1
004E9570,024D7DDC,0255F770,0255F770,securom,securom,0,1
004E9A00,024DCE94,02563CC0,006B1D30,securom,text,1,1
004E9A80,024D68AC,02567B30,02567B30,securom,securom,0,1
004E9BA0,024D7AAC,0256C150,0256C150,securom,securom,0,1
004EA290,024D7A94,0255F740,0255F740,securom,securom,0,1
004EA3A0,024DD0C8,02568130,02568130,securom,securom,0,1
004EA600,024D6E44,0256C7F0,0256C7F0,securom,securom,0,1
004EA650,024D7FBC,0255FEC0,0255FEC0,securom,securom,0,1
004EA6A0,024DC414,02564270,02564270,securom,securom,0,1
004EA840,024D6028,02568100,02568100,securom,securom,0,1
004EAA30,024D79B0,0256C7C0,0256C7C0,securom,securom,0,1
004EAA90,024DBDF0,0255FE90,0255FE90,securom,securom,0,1
004EAC20,024DD0C0,02564250,02564250,securom,securom,0,1
004EACB0,024D6AD8,025680E0,025680E0,securom,securom,0,1
004EADD0,024D7CC4,0256C7A0,0256C7A0,securom,securom,0,1
004EAE50,024D7DCC,0256C780,0256C780,securom,securom,0,1
004EAF40,024DC3E0,0255FE70,0255FE70,securom,securom,0,1
004EC780,024DC524,02564230,02564230,securom,securom,0,1
004EC890,024D6074,025680B0,025680B0,securom,securom,0,1
004EC9E0,024D71B0,0256C760,0256C760,securom,securom,0,1
004EF5F0,024D7E6C,0255FE40,0255FE40,securom,securom,0,1
004EF8F0,024D60A4,02568090,02568090,securom,securom,0,1
004F00D0,024D6800,0256C740,0256C740,securom,securom,0,1
004F0160,024D7A0C,0255FE20,0255FE20,securom,securom,0,1
004F02E0,024DBF50,02564210,004E52F0,securom,text,1,1
004F0370,024DD10C,02568060,02568060,securom,securom,0,1
004F03F0,024D6B90,0256C710,0256C710,securom,securom,0,1
004F0FC0,024DC480,0255FE00,004FEE20,securom,text,1,1
004F126F,024D316C,02538BC0,02538BC0,securom,securom,0,0
004F1580,024DC2E4,025641E0,025641E0,securom,securom,0,1
004F15D0,024DD3A0,02568040,02568040,securom,securom,0,1
004F1620,024D6E9C,0256C6E0,0256C6E0,securom,securom,0,1
004F1770,024D6FC0,0256BF20,0256BF20,securom,securom,0,1
004F17B0,024DB498,0255FDD0,0255FDD0,securom,securom,0,1
004F1804,024CD5B0,02533290,02533290,securom,securom,0,0
004F1880,024DC648,029A7000,029A7000,securom,securom,0,1
004F1970,024D61E4,02568020,02568020,securom,securom,0,1
004F2090,024D67F8,0256C6C0,0256C6C0,securom,securom,0,1
004F2160,024D7A30,0255FDB0,0255FDB0,securom,securom,0,1
004F2290,024DCFEC,02568000,02568000,securom,securom,0,1
004F2440,024D352C,02534930,02534930,securom,securom,0,1
004F2650,024D8040,0255FD80,0250C9C0,securom,securom,1,1
004F26C0,024DC4A4,0299C000,0299C000,securom,securom,0,1
004F2860,024D60BC,02567FE0,02567FE0,securom,securom,0,1
004F29B0,024D71F8,0256C690,0256C690,securom,securom,0,1
004F2A60,024DBE34,0255FD60,0255FD60,securom,securom,0,1
004F2B70,024DCFDC,02564160,02564160,securom,securom,0,1
004F2BF0,024D6A4C,02567FB0,02567FB0,securom,securom,0,1
004F2C20,024D7C20,0256C660,0256C660,securom,securom,0,1
004F2C50,024D7C18,0256C640,0256C640,securom,securom,0,1
004F2DA0,024DC1E8,0255FD40,0051DD10,securom,text,1,1
004F2E60,024D6DB0,02567F90,02567F90,securom,securom,0,1
004F2F00,024D8034,0256C610,0250C820,securom,securom,1,1
004F30D0,024D7918,0255FD20,0067D550,securom,text,1,1
004F3190,024DCEE8,02567F70,024E3A90,securom,securom,1,1
004F32C1,024CD468,02536880,02536880,securom,securom,0,0
004F3360,024D6B54,0256C5E0,0059DC20,securom,text,1,1
004F34A0,024D7D2C,0255FCF0,0255FCF0,securom,securom,0,1
004F3500,024DC2E0,034C0000,034C0000,securom,securom,0,1
004F3580,024DD39C,02567F50,00696DE0,securom,text,1,1
004F3FF0,024D8050,0256C5C0,0256C5C0,securom,securom,0,1
004F4083,024CDD00,02538BA0,0052A747,securom,text,1,0
004F41D0,024DBE48,02564110,004D96B0,securom,text,1,1
004F43C0,024DD15C,02567F20,0061A7E0,securom,text,1,1
004F4A30,024D7A28,0256C5A0,02504A50,securom,securom,1,1
004F4B90,024DBF44,0255FCC0,004E11D0,securom,text,1,1
004F56A0,024DC4A0,035A0000,035A0000,securom,securom,0,1
004F56E0,024DD4C0,02567EF0,02567EF0,securom,securom,0,1
004F5B50,024D7B38,0256C580,0256C580,securom,securom,0,1
004F5FC0,024DC494,0255FCA0,0255FCA0,securom,securom,0,1
004F63F0,024DD154,02568310,02568310,securom,securom,0,1
004F64FE,024CD2A0,02533270,02533270,securom,securom,0,0
004F6AD0,024D7A50,0256CA30,0256CA30,securom,securom,0,1
004F6C10,024DC030,025601C0,025601C0,securom,securom,0,1
004F8440,024D34C4,02533250,02533250,securom,securom,0,1
004F8490,024DC1E0,025644C0,025644C0,securom,securom,0,1
004F84F0,024DD260,025682E0,025682E0,securom,securom,0,1
004F8550,024D6DA4,0256CA10,0256CA10,securom,securom,0,1
004F8570,024D7E90,02560190,02560190,securom,securom,0,1
004F8600,024DC470,03580000,03580000,securom,securom,0,1
004F8F9D,024CD230,02534910,02534910,securom,securom,0,0
004F9020,024DCDDC,025682C0,025682C0,securom,securom,0,1
004F9050,024D67E8,0256C9E0,0256C9E0,securom,securom,0,1
004F9180,024D697C,0256C9B0,0256C9B0,securom,securom,0,1
004F92B0,024D7B68,02560170,02506720,securom,securom,1,1
004F93F0,024DC080,02564450,02564450,securom,securom,0,1
004FA016,024CDB84,02534B00,02534B00,securom,securom,0,0
004FA5C0,024DD3BC,025682A0,025682A0,securom,securom,0,1
004FA720,024D3218,02536A50,02536A50,securom,securom,0,1
004FAF60,024D8048,0256C980,0256C980,securom,securom,0,1
004FB3B0,024D7C44,02560140,02507B60,securom,securom,1,1
004FB820,024D70C4,0256C960,024F9C50,securom,securom,1,1
004FBC60,024DC070,02982000,02982000,securom,securom,0,1
004FBCA0,024DD14C,02564430,02564430,securom,securom,0,1
004FBDC0,024D6C70,02568280,02568280,securom,securom,0,1
004FBE80,024D7ED8,0256C940,0256C940,securom,securom,0,1
004FC140,024CD86C,02538CE0,02538CE0,securom,securom,0,1
004FC590,024D7ED0,025600D0,025600D0,securom,securom,0,1
004FC6B6,024D3564,025333C0,025333C0,securom,securom,0,0
004FCED0,024DD3F0,02564410,02564410,securom,securom,0,1
004FD0E0,024DCE44,02568250,02568250,securom,securom,0,1
004FD120,024D6970,0256C920,0256C920,securom,securom,0,1
004FD1E0,024D6984,0256C900,0256C900,securom,securom,0,1
004FD2C0,024D7B70,025600B0,025600B0,securom,securom,0,1
004FD840,024DC678,025643F0,025643F0,securom,securom,0,1
004FDB54,024D2EA8,02534AD0,02534AD0,securom,securom,0,0
004FE330,024DD144,02568230,02568230,securom,securom,0,1
004FE910,024D71F4,0256C8E0,0256C8E0,securom,securom,0,1
004FEE10,024DC304,02560090,02560090,securom,securom,0,1
004FF370,024D6BAC,0256CE40,0256CE40,securom,securom,0,1
004FF800,024DB588,025605D0,025605D0,securom,securom,0,1
004FFB20,024DD064,02564860,02564860,securom,securom,0,1
004FFB90,024D6A74,02568610,02568610,securom,securom,0,1
004FFE80,024DD408,02564840,02564840,securom,securom,0,1
004FFF40,024D6F04,025685F0,025685F0,securom,securom,0,1
00500280,024DBA64,03130000,03130000,securom,securom,0,1
00500400,024DBBDC,0256CDD0,0256CDD0,securom,securom,0,1
00500470,024DCD1C,025605A0,025605A0,securom,securom,0,1
005008C0,024D6B34,02564820,02564820,securom,securom,0,1
005010A0,024D73E8,025685C0,024FC7E0,securom,securom,1,1
00501110,024DB92C,0256CDB0,0049C920,securom,text,1,1
005013C0,024DCC6C,02560580,02560580,securom,securom,0,1
005017A3,024D2B80,025333A0,025333A0,securom,securom,0,0
00501950,024D7CEC,025685A0,025685A0,securom,securom,0,1
005019A0,024DC188,02989000,02989000,securom,securom,0,1
00501D30,024D6760,02560550,02560550,securom,securom,0,1
005024F0,024D6780,025647F0,025647F0,securom,securom,0,1
00502560,024D78D8,02568570,02568570,securom,securom,0,1
005026B0,024DBE24,0256CD60,0256CD60,securom,securom,0,1
005048A1,024D324C,02534AB0,02534AB0,securom,securom,0,0
00504A60,024D646C,02560530,02560530,securom,securom,0,1
00505380,024D6690,025647D0,025647D0,securom,securom,0,1
00505BC0,024CD740,02536A20,02536A20,securom,securom,0,1
00506310,024D76EC,02568540,02568540,securom,securom,0,1
00506400,024DBBD4,0256CD40,0256CD40,securom,securom,0,1
00506680,024DBE14,0256CD10,0256CD10,securom,securom,0,1
00506760,024DCFC0,02560500,02560500,securom,securom,0,1
005068D0,024D6B44,025647A0,025647A0,securom,securom,0,1
00506930,024D7CE0,02568520,02568520,securom,securom,0,1
005069C0,024DC1C4,0256CCE0,0256CCE0,securom,securom,0,1
00506A20,024D645C,025604D0,025604D0,securom,securom,0,1
00506C40,024DBB0C,025684F0,025684F0,securom,securom,0,1
005073D6,024D3128,02533380,02533380,securom,securom,0,0
00507960,024DC17C,03450000,03450000,securom,securom,0,1
00507FC0,024D6948,025604B0,025604B0,securom,securom,0,1
00508840,024D6B2C,02564780,02564780,securom,securom,0,1
00508980,024D7CD8,025684D0,025684D0,securom,securom,0,1
00508A00,024DCA90,0256CC80,0256CC80,securom,securom,0,1
00508D79,024D2DAC,02534A90,02534A90,securom,securom,0,0
00509840,024DD0E8,02560480,02560480,securom,securom,0,1
0050A2A0,024D6574,02564760,02564760,securom,securom,0,1
0050A2F0,024D7604,025684B0,025684B0,securom,securom,0,1
0050A350,024DBAFC,031A0000,031A0000,securom,securom,0,1
0050A570,024DBD18,03260000,03260000,securom,securom,0,1
0050AC50,024D6680,02560450,02560450,securom,securom,0,1
0050AE40,024D78CC,02564730,02564730,securom,securom,0,1
0050B470,024D7808,02568480,02568480,securom,securom,0,1
0050B4C0,024DBC40,0256CBE0,0256CBE0,securom,securom,0,1
0050B510,024DCDBC,02560420,02560420,securom,securom,0,1
0050B680,024D7A24,025688C0,025688C0,securom,securom,0,1
0050B710,024DBF28,0256D170,0256D170,securom,securom,0,1
0050B7C0,024DCFCC,025608D0,025608D0,securom,securom,0,1
0050B860,024D3750,025369F0,005605F0,securom,text,1,1
0050C660,024D6940,02564B60,024F2170,securom,securom,1,1
0050D310,024D76DC,02568890,02568890,securom,securom,0,1
0050D5F0,024DBD64,02967000,02967000,securom,securom,0,1
0050D6A0,024D693C,02564B40,02564B40,securom,securom,0,1
0050D8C0,024DC02C,033D0000,033D0000,securom,securom,0,1
0050DA60,024DCAD0,0256D0F0,0054ED80,securom,text,1,1
0050DAA0,024D6484,025608B0,025608B0,securom,securom,0,1
0050DAD0,024D750C,02564B10,024FD970,securom,securom,1,1
0050DB80,024DBA70,02953000,02953000,securom,securom,0,1
0050F140,024DB954,030E0000,030E0000,securom,securom,0,1
0050F170,024DCAC0,02560880,024E0880,securom,securom,1,1
0050F280,024D75FC,02568820,024FE960,securom,securom,1,1
0050F650,024DCEE0,02560850,02560850,securom,securom,0,1
0050F6B0,024D6968,02564AE0,02564AE0,securom,securom,0,1
0050F861,024CD0B8,025369D0,025369D0,securom,securom,0,0
0050FAA0,024DCAEC,0256D0A0,0256D0A0,securom,securom,0,1
0050FB70,024D75F0,02564AB0,02564AB0,securom,securom,0,1
00511000,024D7408,02568800,02568800,securom,securom,0,1
005110B0,024DB87C,0256D080,0256D080,securom,securom,0,1
00512209,024CD7C8,02534A60,02534A60,securom,securom,0,0
00513530,024DBD60,02966000,02966000,securom,securom,0,1
005138B0,024D6B9C,02564A80,02564A80,securom,securom,0,1
00513A20,024DB998,0294F000,0294F000,securom,securom,0,1
00513AF0,024DCB10,0256D060,0256D060,securom,securom,0,1
00513C10,024D66D0,02560830,02560830,securom,securom,0,1
00513EE0,024D2D3C,025369B0,025369B0,securom,securom,0,1
00514590,024DBD7C,02968000,02968000,securom,securom,0,1
00515030,024DC9DC,02560810,00634200,securom,text,1,1
005150E0,024D63FC,02564A50,00588C10,securom,text,1,1
00515130,024CD7A8,02538CB0,02538CB0,securom,securom,0,1
005152C0,024D7650,025687B0,025687B0,securom,securom,0,1
00515750,024DBF7C,03390000,03390000,securom,securom,0,1
005157C0,024DD060,025607E0,025607E0,securom,securom,0,1
00515970,024D6C6C,02564A20,02564A20,securom,securom,0,1
00515C10,024DBB64,0295A000,0295A000,securom,securom,0,1
00515CB0,024DCCA0,0256CFD0,0256CFD0,securom,securom,0,1
00515FB0,024CD220,02533350,02533350,securom,securom,0,1
00516280,024DCBE0,025607B0,024E1760,securom,securom,1,1
00516360,024D775C,02568760,02568760,securom,securom,0,1
005164B9,024CD28C,02534A40,02534A40,securom,securom,0,0
00517170,024DB9A8,02951000,02951000,securom,securom,0,1
005175A0,024DC110,03420000,03420000,securom,securom,0,1
00517640,024DD310,02560D30,02560D30,securom,securom,0,1
00517B50,024D7994,02564F10,02503C70,securom,securom,1,1
00517F20,024DC26C,03490000,03490000,securom,securom,0,1
00518650,024DD304,02560D10,02560D10,securom,securom,0,1
00518C20,024D7A7C,02564EF0,02564EF0,securom,securom,0,1
00518C60,024DBEBC,03330000,03330000,securom,securom,0,1
00518E70,024DD19C,0256D6A0,0256D6A0,securom,securom,0,1
00518F90,024DD330,0256D670,024E6C20,securom,securom,1,1
00519070,024DCCBC,02560CF0,02560CF0,securom,securom,0,1
005191C0,024D7888,02568BA0,02501DC0,securom,securom,1,1
005192F0,024DBD9C,0296A000,0296A000,securom,securom,0,1
00519D96,024CD154,02536980,02536980,securom,securom,0,0
0051A580,024DD1D0,02560CD0,02560CD0,securom,securom,0,1
0051B160,024D7884,02568B80,02568B80,securom,securom,0,1
0051DBB0,024DCEA4,0256D610,0256D610,securom,securom,0,1
0051DC60,024D69D4,02560CA0,02560CA0,securom,securom,0,1
0051DD00,024D7B9C,02564EC0,02564EC0,securom,securom,0,1
0051DDF0,024DC00C,0297E000,0297E000,securom,securom,0,1
0051DF70,024DD324,0256D5F0,0256D5F0,securom,securom,0,1
0051E280,024DCE90,02560C70,02560C70,securom,securom,0,1
0051F026,024CD4DC,02534A10,02534A10,securom,securom,0,0
0051F630,024D6D24,02564E90,02564E90,securom,securom,0,1
0051F970,024DB508,02568B30,02568B30,securom,securom,0,1
0051FEC0,024DD1F8,0256D5C0,0256D5C0,securom,securom,0,1
00520380,024DBF24,03370000,03370000,securom,securom,0,1
005203E0,024D6A18,02564E70,024F2F90,securom,securom,1,1
00520450,024D2D34,02538C80,02538C80,securom,securom,0,1
00520640,024DC294,0298F000,0298F000,securom,securom,0,1
005206C0,024DD380,02560C40,024E71A0,securom,securom,1,1
00520800,024DC514,0256D530,004F1630,securom,text,1,1
00520870,024D5F88,02560C20,024E8C90,securom,securom,1,1
005209E0,024DB56C,02939000,02939000,securom,securom,0,1
00520B60,024D2FE8,025349F0,025349F0,securom,securom,0,1
00520C10,024DCFA4,0256D500,0059D730,securom,text,1,1
00520E80,024D7CD0,02564E50,025087E0,securom,securom,1,1
00520F90,024CDC04,02536950,02536950,securom,securom,0,1
00521010,024D77AC,02568AD0,02568AD0,securom,securom,0,1
00521050,024DBC10,0295D000,0295D000,securom,securom,0,1
00521120,024DBD0C,02964000,02964000,securom,securom,0,1
00521180,024DCDB0,02560BF0,02560BF0,securom,securom,0,1
00521470,024D6B24,02564E30,02564E30,securom,securom,0,1
00521520,024D3060,02538C60,02538C60,securom,securom,0,1
00521590,024D7CC8,02568AB0,02568AB0,securom,securom,0,1
005215E0,024DC1BC,0256D460,004E9D00,securom,text,1,1
00521820,024D5F84,02560BD0,02560BD0,securom,securom,0,1
00521890,024DB490,02568A80,02568A80,securom,securom,0,1
00521AC0,024DCDD8,0256D440,0256D440,securom,securom,0,1
00522090,024DCD14,02560BB0,02560BB0,securom,securom,0,1
005263F0,024DBF3C,03380000,03380000,securom,securom,0,1
005267A0,024DD4AC,02560B90,024E7DD0,securom,securom,1,1
00526A70,024D78BC,02564E00,02564E00,securom,securom,0,1
00527010,024D7800,02568A50,02568A50,securom,securom,0,1
00527310,024DBF18,02974000,02974000,securom,securom,0,1
005273C0,024DBF34,02976000,02976000,securom,securom,0,1
005275E0,024DD250,02560B60,02560B60,securom,securom,0,1
00527EE0,024D7D08,02564DD0,02564DD0,securom,securom,0,1
00527F00,024DC2B0,02991000,02991000,securom,securom,0,1
00527F50,024DD370,0256D360,0256D360,securom,securom,0,1
005280D0,024DCD28,02560B40,02560B40,securom,securom,0,1
00528130,024D78B8,02569090,02569090,securom,securom,0,1
00528180,024DBD38,03280000,03280000,securom,securom,0,1
00528210,024DCEC4,02561280,02561280,securom,securom,0,1
00528250,024D6918,02565310,02565310,securom,securom,0,1
00528640,024D7E5C,02569070,02569070,securom,securom,0,1
00528810,024DC560,0256DBD0,0256DBD0,securom,securom,0,1
00528850,024D5F80,02561250,02561250,securom,securom,0,1
00528900,024D7094,025652F0,025652F0,securom,securom,0,1
00528FC6,024CDC2C,025349D0,025349D0,securom,securom,0,0
005293E6,024CD114,02536930,02536930,securom,securom,0,0
00529CE0,024DBF2C,02975000,02975000,securom,securom,0,1
0052A1D0,024DBD28,03270000,03270000,securom,securom,0,1
0052A250,024DBE08,0256DB80,0256DB80,securom,securom,0,1
0052A29C,024D2DA4,02538C30,02538C30,securom,securom,0,0
0052A720,024DD4A4,02561230,02561230,securom,securom,0,1
0052B948,024CDB0C,02533330,02533330,securom,securom,0,0
0052F380,024D7B30,02569010,02569010,securom,securom,0,1
0052F490,024DD108,02561210,02561210,securom,securom,0,1
0052FDA0,024DC068,02981000,02981000,securom,securom,0,1
0052FF78,024CDD78,02536910,02536910,securom,securom,0,0
00531460,024DC094,0256DB50,0256DB50,securom,securom,0,1
00531580,024DD288,025611F0,025611F0,securom,securom,0,1
00531670,024D6DE8,025652C0,025652C0,securom,securom,0,1
00532A10,024DBD5C,02965000,02965000,securom,securom,0,1
00532E60,024DD27C,0256DB30,0256DB30,securom,securom,0,1
005333B0,024DD020,025611D0,005BC820,securom,text,1,1
00533A10,024D7910,025652A0,025652A0,securom,securom,0,1
00533D40,024DC060,033F0000,033F0000,securom,securom,0,1
00533EB0,024DD270,0256DB10,0256DB10,securom,securom,0,1
005342D0,024CD9DC,02536BF0,02536BF0,securom,securom,0,1
00534850,024DC58C,0256D190,0256D190,securom,securom,0,1
00534A90,024D6860,025611A0,025611A0,securom,securom,0,1
00534B19,024D2EF8,02538DF0,02538DF0,securom,securom,0,0
00535AB0,024D7944,02565280,02565280,securom,securom,0,1
00535D80,024DC088,02568F40,02568F40,securom,securom,0,1
00536260,024DBE78,0296E000,0296E000,securom,securom,0,1
005363A0,024DD010,02561180,02561180,securom,securom,0,1
00536650,024D7F04,02568F10,02568F10,securom,securom,0,1
00536700,024DC488,0256DAA0,0256DAA0,securom,securom,0,1
00536940,024D6120,02561160,02561160,securom,securom,0,1
00536A10,024D7938,02565260,02565260,securom,securom,0,1
00536B50,024DBE68,03310000,03310000,securom,securom,0,1
00536C90,024DD000,0256DA70,0256DA70,securom,securom,0,1
00536DD6,024D2B5C,02536BC0,02536BC0,securom,securom,0,0
005385E0,024DD2C8,02561130,02561130,securom,securom,0,1
00538620,024CD548,02534C60,02534C60,securom,securom,0,1
00538CC0,024D2A60,02536BA0,02536BA0,securom,securom,0,1
00538EC0,024D7D60,02565230,02565230,securom,securom,0,1
00538F10,024DC34C,03500000,03500000,securom,securom,0,1
00538F50,024DD3E4,0256DA40,0256DA40,securom,securom,0,1
0053A330,024DBF78,02978000,02978000,securom,securom,0,1
0053A3E0,024DD050,02561100,02561100,securom,securom,0,1
0053AEF0,024D35BC,025334C0,025334C0,securom,securom,0,1
0053C0D0,024D6794,02565200,02565200,securom,securom,0,1
0053C140,024D7934,02568E70,02568E70,securom,securom,0,1
0053C1C0,024DBD84,02969000,02969000,securom,securom,0,1
0053C840,024D2B10,02536B80,02536B80,securom,securom,0,1
0053C960,024D6118,025610E0,025610E0,securom,securom,0,1
0053D5A0,024D7D5C,02568E50,02568E50,securom,securom,0,1
0053DA80,024CDBA0,02534C30,02534C30,securom,securom,0,1
0053E660,024DC348,02995000,02995000,securom,securom,0,1
0053E700,024DD4D0,025610B0,025610B0,securom,securom,0,1
0053F300,024D6A58,025651E0,025651E0,securom,securom,0,1
00540500,024D7D90,02568E20,02568E20,securom,securom,0,1
00540560,024DC264,0298E000,0298E000,securom,securom,0,1
00540600,024DD430,02561090,02561090,securom,securom,0,1
00541160,024D688C,025651C0,025651C0,securom,securom,0,1
0054139A,024CDD58,025334A0,025334A0,securom,securom,0,0
00541C5D,024D2A58,02534C10,02534C10,securom,securom,0,0
00542226,024D33F4,02536B60,02536B60,securom,securom,0,0
00542736,024CD1E8,02538DD0,02538DD0,securom,securom,0,0
005441D0,024D689C,02565190,02565190,securom,securom,0,1
00544200,024D7A74,02568DF0,004B3C20,securom,text,1,1
00544250,024DCF60,02561070,02561070,securom,securom,0,1
00544280,024D7A70,02569200,02569200,securom,securom,0,1
005442C0,024DBEDC,0256DE60,00417C30,securom,text,1,1
00544310,024DD098,02561520,0049F5C0,securom,text,1,1
00544360,024D6A90,025654F0,025654F0,securom,securom,0,1
005443A0,024D31DC,02533480,02533480,securom,securom,0,1
00544A80,024DCE64,0256DE40,0256DE40,securom,securom,0,1
00545D00,024D6BC8,02561500,02561500,securom,securom,0,1
005460B1,024CD1F8,02534BE0,02534BE0,securom,securom,0,0
005466B7,024CD450,02536B40,02536B40,securom,securom,0,0
00547D5C,024CD37C,02536680,02536680,securom,securom,0,0
00548500,024D6CEC,025654C0,00519080,securom,text,1,1
00548561,024CD760,025389A0,025389A0,securom,securom,0,0
0054AE67,024D3634,02533460,02533460,securom,securom,0,0
0054B3A0,024D7BBC,025691E0,004CF130,securom,text,1,1
0054B3D0,024CDCC8,02534BC0,02534BC0,securom,securom,0,1
0054B490,024DC10C,02986000,02986000,securom,securom,0,1
0054ECC0,024CDB28,02536B20,02536B20,securom,securom,0,1
0054ED70,024DD1C8,0256DE00,0256DE00,securom,securom,0,1
0054EE00,024D6CDC,025614D0,024F55D0,securom,securom,1,1
0054F200,024D2F34,02538DA0,02538DA0,securom,securom,0,1
0054F9ED,024D3614,02534BA0,02534BA0,securom,securom,0,0
00551590,024D6D6C,02565490,02565490,securom,securom,0,1
005515D0,024D7E50,025691B0,025691B0,securom,securom,0,1
00551610,024DC408,03540000,03540000,securom,securom,0,1
005516B0,024DD4A0,025614A0,025614A0,securom,securom,0,1
00551800,024DB530,02937000,02937000,securom,securom,0,1
00552EA0,024DD364,0256DDA0,0256DDA0,securom,securom,0,1
00553180,024DCEBC,02561470,02561470,securom,securom,0,1
00553401,024CDA40,02538D70,02538D70,securom,securom,0,0
005542BA,024CD064,02533440,02533440,securom,securom,0,0
005543A0,024D6B1C,02565460,02565460,securom,securom,0,1
0055492B,024D37F0,02534B80,02534B80,securom,securom,0,0
00554B40,024DCF98,0256DD80,0256DD80,securom,securom,0,1
00555F40,024D6E6C,02561450,02561450,securom,securom,0,1
00557860,024D708C,02565430,02565430,securom,securom,0,1
005586F3,024CD63C,02536B00,02536B00,securom,securom,0,0
00559BE4,024CD1F0,02538D50,02538D50,securom,securom,0,0
00559E60,024DD358,0256DD60,0256DD60,securom,securom,0,1
00559EB0,024DD354,0256DD40,0256DD40,securom,securom,0,1
0055A020,024D31CC,02533420,02533420,securom,securom,0,1
0055AA30,024D6908,02561430,02561430,securom,securom,0,1
0055AF36,024CD134,02534B60,02534B60,securom,securom,0,0
0055BEE8,024D2CF0,02536AD0,02536AD0,securom,securom,0,0
0055C1F0,024D6938,02565410,02565410,securom,securom,0,1
0055C311,024D3010,02536AB0,02536AB0,securom,securom,0,0
0055E153,024D2A70,02538D20,02538D20,securom,securom,0,0
0055FFF1,024CD4BC,025333F0,025333F0,securom,securom,0,0
005605D0,024DC2F8,034E0000,034E0000,securom,securom,0,1
005610F6,024D35F0,02534B30,02534B30,securom,securom,0,0
00561480,024DD258,02561410,02561410,securom,securom,0,1
005616BB,024D36D0,02536A80,02536A80,securom,securom,0,0
005623D6,024CDB80,02538D00,02538D00,securom,securom,0,0
00562945,024CD730,02534E10,02534E10,securom,securom,0,0
00563DE3,024D2E68,02536D90,02536D90,securom,securom,0,0
00563E60,024DC378,02569450,02569450,securom,securom,0,1
00563FF0,024D6F4C,02561870,0051A590,securom,text,1,1
00564040,024D6854,025656E0,025656E0,securom,securom,0,1
00564440,024D7D44,02569420,02508EA0,securom,securom,1,1
00565000,024DBD74,032C0000,032C0000,securom,securom,0,1
00565180,024DCF58,02561850,02561850,securom,securom,0,1
005653A0,024D3084,02531B60,02531B60,securom,securom,0,1
00566A00,024DCF48,0256E140,0256E140,securom,securom,0,1
00567890,024D612C,02561820,02561820,securom,securom,0,1
00567A86,024D2D9C,02534DE0,02534DE0,securom,securom,0,0
00567BE0,024D7B98,025656B0,025656B0,securom,securom,0,1
00567C50,024DC0C8,03410000,03410000,securom,securom,0,1
00568334,024CDB4C,02536D70,02536D70,securom,securom,0,0
00568A54,024CD210,02531B30,02531B30,securom,securom,0,0
00569067,024CD704,02533570,02533570,securom,securom,0,0
00569270,024DD044,025617F0,025617F0,securom,securom,0,1
0056A186,024CD71C,02534DC0,02534DC0,securom,securom,0,0
0056A3B0,024DC0EC,02985000,02985000,securom,securom,0,1
0056A750,024D7014,02565690,02565690,securom,securom,0,1
0056A7E0,024DB4E8,02DC0000,02DC0000,securom,securom,0,1
0056A8F0,024DC6F0,03690000,03690000,securom,securom,0,1
0056AA50,024D69B4,025617D0,025617D0,securom,securom,0,1
0056AEB0,024D7F68,02565670,02565670,securom,securom,0,1
0056B130,024D7A58,02569380,02569380,securom,securom,0,1
0056B83C,024CD89C,02534DA0,02534DA0,securom,securom,0,0
0056BCC0,024CD510,02536D50,02536D50,securom,securom,0,1
0056C3E1,024D31B4,02531B10,02531B10,securom,securom,0,0
0056CE96,024D2C64,02534D80,02534D80,securom,securom,0,0
0056E10A,024D2B2C,02531AF0,02531AF0,securom,securom,0,0
0056EC00,024DD180,0256E0A0,0256E0A0,securom,securom,0,1
0056ED70,024DD2C4,0256E070,0256E070,securom,securom,0,1
0056EDB0,024D6CD0,025617B0,025617B0,securom,securom,0,1
0056EEB0,024D7F60,02565640,02565640,securom,securom,0,1
0056EF40,024DC4C0,0299D000,0299D000,securom,securom,0,1
0056F170,024DBEA8,02971000,02971000,securom,securom,0,1
0056F240,024DD038,02561780,02561780,securom,securom,0,1
0056F2C0,024D7B90,02569330,004B7B60,securom,text,1,1
0056F330,024DC0B8,0256E000,0256E000,securom,securom,0,1
0056F350,024DD174,02561760,02561760,securom,securom,0,1
0056F460,024D6C78,02565610,02565610,securom,securom,0,1
00570AB0,024DCF94,0256DFE0,0256DFE0,securom,securom,0,1
00572570,024DD450,02561730,02561730,securom,securom,0,1
005727F0,024D7050,025655E0,025655E0,securom,securom,0,1
005742A5,024D2EFC,02534D50,02534D50,securom,securom,0,0
00574CB3,024CD048,02536D30,02536D30,securom,securom,0,0
00575C66,024CD238,02531AC0,02531AC0,securom,securom,0,0
005763D0,024D7CBC,02569300,02569300,securom,securom,0,1
005771E3,024D3698,02533540,02533540,securom,securom,0,0
00577929,024CD5A8,02534D30,02534D30,securom,securom,0,0
00579860,024DC72C,036A0000,036A0000,securom,securom,0,1
005798B0,024D61A4,02561700,005010B0,securom,text,1,1
00579950,024D72A4,025655B0,025655B0,securom,securom,0,1
00579990,024DB71C,02943000,02943000,securom,securom,0,1
005799E0,024DC840,03730000,03730000,securom,securom,0,1
0057A7D0,024D606C,025616D0,025616D0,securom,securom,0,1
0057A810,024DB600,0293B000,0293B000,securom,securom,0,1
0057A830,024DC728,029B1000,029B1000,securom,securom,0,1
0057A956,024D2AAC,02536D00,02536D00,securom,securom,0,0
0057B072,024CD59C,02536CD0,02536CD0,securom,securom,0,0
0057B770,024D6064,02561A50,02561A50,securom,securom,0,1
0057C406,024CDCA8,02531AA0,02531AA0,securom,securom,0,0
0057C870,024DC764,029B3000,029B3000,securom,securom,0,1
0057C8F0,024D61CC,02561A20,00649C50,securom,text,1,1
0057DDD0,024D7E30,02565800,02565800,securom,securom,0,1
0057DE50,024DC400,02999000,02999000,securom,securom,0,1
0057DEF0,024DD498,0256E390,0256E390,securom,securom,0,1
0057DFB0,024D5F74,0256E370,0256E370,securom,securom,0,1
0057EA25,024CD360,02534D00,02534D00,securom,securom,0,0
0057EBA0,024D7BCC,025657D0,025657D0,securom,securom,0,1
0057EBD0,024DBFFC,0297D000,0297D000,securom,securom,0,1
0057EC00,024DD1C4,0256E350,0256E350,securom,securom,0,1
0057ECB0,024D6BFC,02561A00,02561A00,securom,securom,0,1
0057FC50,024DC15C,03440000,03440000,securom,securom,0,1
00580140,024DBF0C,03360000,03360000,securom,securom,0,1
00580290,024DD104,025619E0,006083B0,securom,text,1,1
00581BF0,024DC054,02569570,02569570,securom,securom,0,1
00581CE0,024DD240,0256E300,0256E300,securom,securom,0,1
00581DE0,024D6D98,025619B0,025619B0,securom,securom,0,1
00581E20,024D8028,025657A0,025657A0,securom,securom,0,1
00582110,024D7AFC,02569540,02569540,securom,securom,0,1
00582660,024DC568,029A0000,029A0000,securom,securom,0,1
005826D0,024DC564,035F0000,035F0000,securom,securom,0,1
005828C0,024D61D8,02561980,02561980,securom,securom,0,1
00582910,024D72F0,02565780,024FB9A0,securom,securom,1,1
005855A0,024DC464,0299B000,0299B000,securom,securom,0,1
00585690,024D5F8C,02561950,02561950,securom,securom,0,1
00585E30,024DC460,03570000,03570000,securom,securom,0,1
00586040,024DBE18,0256E260,0256E260,securom,securom,0,1
00586090,024DCED4,02561920,02561920,securom,securom,0,1
005861D0,024D6A44,02565750,02565750,securom,securom,0,1
00586280,024D7C14,025694D0,025694D0,securom,securom,0,1
00586450,024DC2D8,02992000,02992000,securom,securom,0,1
00586F30,024D6FB8,02561900,02561900,securom,securom,0,1
00587466,024CD300,02533510,02533510,securom,securom,0,0
00587BE0,024D7C3C,02565730,02565730,securom,securom,0,1
00587C10,024DC1B0,025694A0,025694A0,securom,securom,0,1
00587E57,024D379C,02534CE0,02534CE0,securom,securom,0,0
00588443,024D2F24,02536CB0,02536CB0,securom,securom,0,0
00588540,024DC45C,03560000,03560000,securom,securom,0,1
00588A60,024DCFC4,0256E1C0,0256E1C0,securom,securom,0,1
00588AC0,024D6A40,025618D0,005A16B0,securom,text,1,1
00588B10,024D7C0C,02565700,02565700,securom,securom,0,1
00588C00,024DC1A4,02569480,02569480,securom,securom,0,1
00588C70,024DD23C,0256E1A0,0256E1A0,securom,securom,0,1
005890E0,024DCF38,025618A0,025618A0,securom,securom,0,1
005892A0,024D8090,02569850,02569850,securom,securom,0,1
00589300,024DC588,03600000,03600000,securom,securom,0,1
00589380,024D5FC4,02561C70,02561C70,securom,securom,0,1
00589510,024D7228,02565960,02565960,securom,securom,0,1
0058B1C0,024D7F20,02569830,02569830,securom,securom,0,1
0058B3A0,024DC5C0,03610000,03610000,securom,securom,0,1
0058B420,024D610C,02561C40,02561C40,securom,securom,0,1
0058B4A0,024D70F8,02565930,02565930,securom,securom,0,1
0058B560,024DB6CC,02F30000,02F30000,securom,securom,0,1
0058B5D0,024DC7E0,0256E6D0,00531680,securom,text,1,1
0058B6B0,024DC8DC,0256E6A0,0256E6A0,securom,securom,0,1
0058C6B0,024D6320,02561C10,02561C10,securom,securom,0,1
0058C6E1,024D32B4,02536C80,00581DE6,securom,text,1,0
0058C830,024DB9A0,03110000,03110000,securom,securom,0,1
0058C9F0,024D6600,02561BE0,0069F130,securom,text,1,1
0058CAC0,024DD420,0256E670,0256E670,securom,securom,0,1
0058D670,024DC8D8,0256E640,0256E640,securom,securom,0,1
0058DA99,024D339C,02531A80,02531A80,securom,securom,0,0
0058DC90,024D700C,02561BC0,02561BC0,securom,securom,0,1
0058F000,024D7D38,025697B0,025697B0,securom,securom,0,1
0058F060,024DC244,03480000,03480000,securom,securom,0,1
0058F090,024DC234,0298D000,0298D000,securom,securom,0,1
0058F0D0,024DD300,02561B90,02561B90,securom,securom,0,1
0058F110,024D6E10,02565910,02565910,securom,securom,0,1
0058F170,024D7F18,02569780,02569780,securom,securom,0,1
0058F1D0,024DC3C0,02997000,02997000,securom,securom,0,1
0058F3C0,024D6018,02561B60,02561B60,securom,securom,0,1
0058F500,024DB6C0,02569760,02569760,securom,securom,0,1
0058F5F0,024DC808,029B9000,029B9000,securom,securom,0,1
0058F610,024D6310,02561B40,02561B40,securom,securom,0,1
0058F660,024D7358,025658E0,025658E0,securom,securom,0,1
0058F860,024DB9BC,02569730,02569730,securom,securom,0,1
0058F8B0,024DCB18,0256E540,0256E540,securom,securom,0,1
0058FA40,024D6E00,02561B20,02561B20,securom,securom,0,1
0058FAB0,024D7F5C,025658C0,025658C0,securom,securom,0,1
0058FBF0,024DC4E0,02569700,02569700,securom,securom,0,1
0058FC50,024D5FC0,0256E510,0256E510,securom,securom,0,1
0058FDA0,024D6164,0256E4F0,0256E4F0,securom,securom,0,1
005905A0,024D6264,02561AF0,02561AF0,securom,securom,0,1
00590870,024D7594,025658A0,024FE350,securom,securom,1,1
00591130,024D7FAC,025696D0,025696D0,securom,securom,0,1
005913C0,024DC620,0256E4D0,0256E4D0,securom,securom,0,1
00591510,024D6254,02561AD0,02561AD0,securom,securom,0,1
00591630,024DB7EC,03050000,03050000,securom,securom,0,1
00591D10,024DB5F4,02565880,02565880,securom,securom,0,1
00592000,024D7DC4,02569690,02569690,securom,securom,0,1
00592800,024DCB28,0256E4A0,0256E4A0,securom,securom,0,1
00593B40,024D6F68,02561AA0,02561AA0,securom,securom,0,1
00593E70,024DB718,02942000,02942000,securom,securom,0,1
00593F60,024DC940,02569660,02569660,securom,securom,0,1
005965A6,024D32D4,02534CC0,02534CC0,securom,securom,0,0
0059AB70,024D5F54,0256E480,0256E480,securom,securom,0,1
0059B1F0,024D6E60,02565820,02565820,securom,securom,0,1
0059B980,024D6628,02561A70,02561A70,securom,securom,0,1
0059C720,024DB904,02569DE0,0048C7D0,securom,text,1,1
0059C780,024DCA7C,0256ECB0,0256ECB0,securom,securom,0,1
0059CBB0,024D6F88,02562080,02562080,securom,securom,0,1
0059D4C0,024D7174,02565DF0,024FA810,securom,securom,1,1
0059D660,024DB81C,02947000,02947000,securom,securom,0,1
0059D720,024DCA60,0256EC90,0256EC90,securom,securom,0,1
0059DB30,024D6F60,02562050,024F8300,securom,securom,1,1
0059DC10,024DB500,02DD0000,02DD0000,securom,securom,0,1
0059DC80,024DC614,03650000,03650000,securom,securom,0,1
0059DCD0,024D6054,0256EC70,006189B0,securom,text,1,1
0059DDA0,024D6198,0256EC40,00656B40,securom,text,1,1
0059DE00,024D7294,02562030,006C6EC0,securom,text,1,1
0059DE60,024DB730,02565DA0,02565DA0,securom,securom,0,1
0059DED0,024DC83C,029BB000,029BB000,securom,securom,0,1
0059DF30,024D635C,0256EC20,024EBD90,securom,securom,1,1
0059DFC0,024D73CC,02562000,02562000,securom,securom,0,1
0059E050,024D7E20,02569D20,02569D20,securom,securom,0,1
0059E0A0,024DC2AC,02990000,02990000,securom,securom,0,1
0059E0C0,024DD348,02561FE0,006BCA80,securom,text,1,1
0059E180,024D6E54,02565D80,02565D80,securom,securom,0,1
0059E3A0,024DB558,02E00000,02E00000,securom,securom,0,1
0059E470,024DC75C,036D0000,036D0000,securom,securom,0,1
0059E560,024D6298,02561FB0,02561FB0,securom,securom,0,1
0059E740,024D74B4,02565D60,02565D60,securom,securom,0,1
0059E810,024DBA34,02952000,02952000,securom,securom,0,1
0059E990,024DCC44,0256EB90,0256EB90,securom,securom,0,1
0059ECA0,024D60A0,0256E430,0256E430,securom,securom,0,1
0059ED70,024D716C,02561F80,02561F80,securom,securom,0,1
0059EF90,024DB814,03070000,03070000,securom,securom,0,1
0059F060,024D7E14,02569C70,02569C70,securom,securom,0,1
0059F150,024DC3F0,02998000,02998000,securom,securom,0,1
0059F220,024D5F68,02561F60,02561F60,securom,securom,0,1
0059F2F0,024DB48C,02933000,02933000,securom,securom,0,1
0059F410,024DC750,029B2000,029B2000,securom,securom,0,1
0059F4F0,024D61BC,02561F40,02561F40,securom,securom,0,1
0059F570,024D72C0,02565D00,02565D00,securom,securom,0,1
0059F5D0,024DB760,02FB0000,02FB0000,securom,securom,0,1
0059F620,024DC964,0256EB10,0256EB10,securom,securom,0,1
0059F775,024CD800,02536C60,004B6F4F,securom,text,1,0
0059F8B0,024D6568,02561F10,02561F10,securom,securom,0,1
0059F980,024D76B0,02565CD0,024FF5E0,securom,securom,1,1
0059FC2E,024CD2F8,02531A50,02531A50,securom,securom,0,0
005A0090,024DB464,02932000,02932000,securom,securom,0,1
005A00F8,024D3000,025334F0,025334F0,securom,securom,0,0
005A01E0,024DC630,03660000,03660000,securom,securom,0,1
005A0280,024DC74C,0256EAB0,006D1540,securom,text,1,1
005A0320,024D6290,02561EE0,02561EE0,securom,securom,0,1
005A0360,024D72BC,02565CA0,0050F660,securom,text,1,1
005A03A0,024DB72C,02F90000,02F90000,securom,securom,0,1
005A0550,024DCA6C,0256EA80,024E04B0,securom,securom,1,1
005A0860,024D673C,02561EC0,024EF970,securom,securom,1,1
005A08C0,024DBC00,0295C000,0295C000,securom,securom,0,1
005A0960,024DCD98,0256EA60,00685C60,securom,text,1,1
005A0A20,024D704C,02561E90,024F9410,securom,securom,1,1
005A0B40,024DB61C,0293D000,0293D000,securom,securom,0,1
005A0BB0,024DC788,02569B40,02569B40,securom,securom,0,1
005A0C20,024D628C,0256EA30,024EB700,securom,securom,1,1
005A0DA0,024D73DC,02561E60,024FC5A0,securom,securom,1,1
005A0F00,024DBA2C,02565C30,02565C30,securom,securom,0,1
005A0F70,024DCB54,02569B10,02569B10,securom,securom,0,1
005A1040,024DC508,0256EA00,0256EA00,securom,securom,0,1
005A10C0,024DC554,035E0000,035E0000,securom,securom,0,1
005A1190,024D6044,02561E40,02561E40,securom,securom,0,1
005A1200,024D7168,02565C10,006C4E70,securom,text,1,1
005A1370,024DB728,02944000,02944000,securom,securom,0,1
005A1480,024DC960,0256E9B0,0058F510,securom,text,1,1
005A1510,024D6434,02561E10,0067E280,securom,text,1,1
005A16A0,024DCB78,0256F080,006060F0,securom,text,1,1
005A1F90,024DBA1C,02566120,024DE3A0,securom,securom,1,1
005A22D0,024DB634,02E90000,02E90000,securom,securom,0,1
005A2E80,024D74A8,02562340,024FD530,securom,securom,1,1
005A2F30,024DBA0C,02566100,004F31A0,securom,text,1,1
005A2FC0,024DCB74,0256A170,024E1420,securom,securom,1,1
005A30C0,024DC548,035D0000,035D0000,securom,securom,0,1
005A34A0,024DC98C,0256F020,024DFF20,securom,securom,1,1
005A35E0,024D6454,02562320,024ECFB0,securom,securom,1,1
005A37D0,024D76D4,025660D0,025660D0,securom,securom,0,1
005A48D0,024DBBF8,0256A140,0256A140,securom,securom,0,1
005AB3C0,024DC868,029BC000,029BC000,securom,securom,0,1
005AB4A0,024D637C,025622F0,025622F0,securom,securom,0,1
005ABA00,024DC604,029A5000,029A5000,securom,securom,0,1
005AC4E0,024DC998,0256EFC0,0256EFC0,securom,securom,0,1
005AE120,024D6090,025622C0,004707E0,securom,text,1,1
005AECB7,024CD3B4,02534C90,02534C90,securom,securom,0,0
005B2C02,024CDB58,02536C40,02536C40,securom,securom,0,0
005B4CF0,024DB78C,025660A0,00460080,securom,text,1,1
005B4D50,024DC9B8,0256A0E0,0053D5B0,securom,text,1,1
005B4DB0,024D63B0,0256EF90,0256EF90,securom,securom,0,1
005B4E30,024D7504,025622A0,025622A0,securom,securom,0,1
005BB3DA,024CDC1C,02531A30,004B2881,securom,text,1,0
005BC810,024D781C,02566080,02566080,securom,securom,0,1
005BCD50,024DC9B4,0256A0C0,0256A0C0,securom,securom,0,1
005BE040,024DC578,0256EF70,0256EF70,securom,securom,0,1
005BF7D0,024D2BCC,02534FB0,02534FB0,securom,securom,0,1
005C04B0,024DCA0C,0256EF50,0256EF50,securom,securom,0,1
005C0520,024D64D0,02562270,00428220,securom,text,1,1
005C0540,024D7534,02566050,02566050,securom,securom,0,1
005C086B,024D2F4C,02536F20,02536F20,securom,securom,0,0
005C13C0,024DB7A8,0256A0A0,0256A0A0,securom,securom,0,1
005C5940,024DCE38,0256EF20,0256EF20,securom,securom,0,1
005C63D0,024D2AC8,02533730,02533730,securom,securom,0,1
005CBBF0,024D728C,02562240,02562240,securom,securom,0,1
005D50B0,024DB54C,0256A570,005145A0,securom,text,1,1
005D54F0,024DCAB0,0256F3D0,00471C70,securom,text,1,1
005D5530,024D6530,025625C0,025625C0,securom,securom,0,1
005D5570,024D75C0,025663E0,025663E0,securom,securom,0,1
005D9560,024DBA54,03120000,03120000,securom,securom,0,1
005D9720,024DCD04,0256F3A0,0256F3A0,securom,securom,0,1
005D9810,024D67C8,02562590,02562590,securom,securom,0,1
005D9C10,024DB808,02946000,02946000,securom,securom,0,1
005E5880,024DBD4C,032A0000,032A0000,securom,securom,0,1
005E58E0,024DCE30,0256F380,0256F380,securom,securom,0,1
005E67C0,024DCD2C,0256F360,00693430,securom,text,1,1
005E6850,024D684C,02562570,02562570,securom,securom,0,1
005E6890,024D790C,02566380,02566380,securom,securom,0,1
005E68D0,024DBD68,032B0000,032B0000,securom,securom,0,1
005E6960,024DCF30,0256F340,005C13D0,securom,text,1,1
005E69E0,024D6980,02562540,02562540,securom,securom,0,1
005E6A20,024DC7A4,029B6000,029B6000,securom,securom,0,1
005E9CF0,024D63C4,0256F320,0256F320,securom,securom,0,1
005ED1C3,024CD65C,02536EF0,00433C76,securom,text,1,0
005ED330,024DB85C,03090000,03090000,securom,securom,0,1
005ED4C0,024DCAF4,0256F300,0055C200,securom,text,1,1
005ED680,024D7728,02566360,025002B0,securom,securom,1,1
005ED800,024DBD48,03290000,03290000,securom,securom,0,1
005ED980,024DCF2C,0256F2D0,005A10D0,securom,text,1,1
005EDB80,024D62E4,0256F2B0,0256F2B0,securom,securom,0,1
005EDE60,024D7610,02562520,02562520,securom,securom,0,1
005F1A50,024DB6B8,02F20000,02F20000,securom,securom,0,1
005F21B0,024DB6F8,02F70000,02F70000,securom,securom,0,1
005F2490,024DCB00,0256F290,0256F290,securom,securom,0,1
005F2990,024D69A4,02562500,02562500,securom,securom,0,1
005F37E0,024DBC94,0256A3C0,0256A3C0,securom,securom,0,1
005F4AF0,024D6248,0256F260,0256F260,securom,securom,0,1
005F6BA0,024D7360,025624D0,025624D0,securom,securom,0,1
005F7848,024D2E10,02533710,02533710,securom,securom,0,0
005F78B0,024D7990,02566310,02566310,securom,securom,0,1
005F7910,024DBEA4,02970000,02970000,securom,securom,0,1
005F82D0,024DC924,0256F230,0256F230,securom,securom,0,1
005F82F0,024D633C,025624B0,025624B0,securom,securom,0,1
005F8420,024D7560,025662E0,025662E0,securom,securom,0,1
005F8570,024DBAA4,03160000,03160000,securom,securom,0,1
005F8640,024DCC9C,0256F200,0256F200,securom,securom,0,1
005F88C0,024DCE58,0256F1E0,0256F1E0,securom,securom,0,1
005F8920,024D699C,02562480,02562480,securom,securom,0,1
005F89F0,024D7A6C,025662B0,025662B0,securom,securom,0,1
005F91B0,024DB6F4,0256A320,00444B10,securom,text,1,1
005F92A0,024DC91C,0256F1C0,00506940,securom,text,1,1
005F9640,024D66F8,02562450,024EF3B0,securom,securom,1,1
005F9960,024DBE98,0256A900,00413240,securom,text,1,1
005F9A10,024D6214,0256F700,004B7100,securom,text,1,1
005F9B00,024D7350,02562800,024FC080,securom,securom,1,1
005FA1E0,024D727C,02566690,02566690,securom,securom,0,1
005FA370,024DB8DC,0294B000,0294B000,securom,securom,0,1
005FA3F0,024DCA50,0256F6E0,0059E480,securom,text,1,1
005FA5D0,024D65F0,025627E0,025627E0,securom,securom,0,1
005FABB0,024DC918,0256A8B0,004DDB50,securom,text,1,1
005FAC00,024D63F8,0256F6C0,0256F6C0,securom,securom,0,1
005FACA0,024D2BEC,02534F90,02534F90,securom,securom,0,1
005FACF0,024D6430,0256F6A0,0064A050,securom,text,1,1
005FAD40,024D7558,025627B0,025627B0,securom,securom,0,1
005FAE40,024DBA9C,02566670,02566670,securom,securom,0,1
005FAF10,024DCC98,0256A880,0256A880,securom,securom,0,1
005FB330,024DCA00,0256F680,0256F680,securom,securom,0,1
005FC8B0,024DCE88,0256F660,0256F660,securom,securom,0,1
005FCD00,024D754C,02562790,02562790,securom,securom,0,1
005FCD30,024DB9C0,02566640,02566640,securom,securom,0,1
005FD1C0,024DB714,02F80000,02F80000,securom,securom,0,1
005FD2C0,024DC938,0256F640,0256F640,securom,securom,0,1
005FD310,024D6428,02562760,02562760,securom,securom,0,1
005FD440,024D7584,02566610,02566610,securom,securom,0,1
005FD4C0,024DB9E4,0256A820,004CD370,securom,text,1,1
005FD560,024DCC10,0256F610,00451670,securom,text,1,1
005FD970,024D69C0,02562730,006C61F0,securom,text,1,1
005FDFD0,024DBBA0,031D0000,031D0000,securom,securom,0,1
005FE0A0,024DB5E4,02E60000,02E60000,securom,securom,0,1
005FE760,024D679C,02562700,006D5430,securom,text,1,1
005FF0FB,024CD4EC,02536ED0,02536ED0,securom,securom,0,0
005FF770,024DBC88,0295F000,0295F000,securom,securom,0,1
005FF7E0,024DCD70,0256F5F0,0256F5F0,securom,securom,0,1
005FFE10,024D65E8,0256F5C0,0256F5C0,securom,securom,0,1
005FFE90,024DBABC,03170000,03170000,securom,securom,0,1
00600150,024D2CD8,02531CD0,005019A6,securom,text,1,1
00601450,024D72F8,0255E090,0255E090,securom,securom,0,1
006014D0,024DB7A4,03000000,03000000,securom,securom,0,1
00601550,024DC9D4,02566A20,02566A20,securom,securom,0,1
00601600,024D64CC,0256ADB0,0256ADB0,securom,securom,0,1
00601850,024D7754,0255E060,02500490,securom,securom,1,1
00601C30,024DC7B8,029B7000,029B7000,securom,securom,0,1
00601F80,024D64C0,025669F0,0068D210,securom,text,1,1
00601FE0,024D7548,0256AD90,0256AD90,securom,securom,0,1
006020F0,024D8080,02562AE0,0250CDF0,securom,securom,1,1
00602190,024DC5B0,029A3000,029A3000,securom,securom,0,1
00602230,024D6100,0256AD70,0256AD70,securom,securom,0,1
00602270,024D70E4,0255E040,0255E040,securom,securom,0,1
00602310,024DB698,02940000,02940000,securom,securom,0,1
00602370,024D6208,0256AD40,0256AD40,securom,securom,0,1
00602460,024D7340,0255E010,024FBF70,securom,securom,1,1
00602649,024CDB70,025336F0,004E9211,securom,text,1,0
00602AC0,024DC5A0,029A2000,029A2000,securom,securom,0,1
00602B50,024D60F4,02566990,02566990,securom,securom,0,1
00602C40,024D7224,0256AD10,0256AD10,securom,securom,0,1
00602CD0,024DB6B0,02F10000,02F10000,securom,securom,0,1
00602D70,024DC8CC,02562A60,02562A60,securom,securom,0,1
00602E70,024D7454,0256ACE0,024FCC30,securom,securom,1,1
00602EE0,024DB8A0,0255DFB0,0048D590,securom,text,1,1
006033B0,024D723C,0255DF90,005D5580,securom,text,1,1
006033F0,024DB6AC,02F00000,02F00000,securom,securom,0,1
00603510,024DC9C4,02566960,02566960,securom,securom,0,1
00603560,024D63EC,0256ACB0,00622820,securom,text,1,1
00603B20,024DB584,02E10000,02E10000,securom,securom,0,1
00603CAB,024D3340,02534F60,004EADAD,securom,text,1,0
00603E60,024D7448,0256AC80,024FCB80,securom,securom,1,1
00605950,024D785C,0255DF40,0255DF40,securom,securom,0,1
00605AA0,024DC5D0,03620000,03620000,securom,securom,0,1
00605D40,024D630C,02566940,024EBB00,securom,securom,1,1
00605E60,024D7438,0256AC60,0256AC60,securom,securom,0,1
00605EB0,024DB8CC,030B0000,030B0000,securom,securom,0,1
00606040,024D8078,025629D0,0250CD50,securom,securom,1,1
006060E0,024DC4DC,035B0000,035B0000,securom,securom,0,1
006062C0,024D6160,0256AC30,006D3AE0,securom,text,1,1
00606370,024D7234,0255DEF0,0255DEF0,securom,securom,0,1
00606A60,024D5FBC,025668E0,0060EAC0,securom,text,1,1
00606AB0,024D7028,0256AC10,024F91A0,securom,securom,1,1
00606B70,024DB5B4,02E40000,02E40000,securom,securom,0,1
00607220,024DB5B0,02E30000,02E30000,securom,securom,0,1
006072D0,024D6150,0256ABF0,00633FB0,securom,text,1,1
00607A36,024D2A08,02536EB0,005799AB,securom,text,1,0
00607A80,024DB4B0,02935000,02935000,securom,securom,0,1
00608350,024DC7D0,03710000,03710000,securom,securom,0,1
006083A0,024D6238,0256ABD0,0256ABD0,securom,securom,0,1
00608507,024D3528,02531CB0,0041B037,securom,text,1,0
006086B0,024D64F8,0256ABA0,024ED730,securom,securom,1,1
00609010,024D6EF4,0255DE40,0255DE40,securom,securom,0,1
00609490,024D7338,0255DE10,00649F90,securom,text,1,1
00609530,024DB894,02949000,02949000,securom,securom,0,1
00609A60,024D5FB0,02566890,02566890,securom,securom,0,1
00609BF0,024D7118,0256AB70,0256AB70,securom,securom,0,1
0060A080,024D6EE4,0255DDF0,0255DDF0,securom,securom,0,1
0060A0A0,024D80B4,02562930,02562930,securom,securom,0,1
0060AE80,024D746C,0256B2C0,0256B2C0,securom,securom,0,1
0060AEC0,024DB8C8,030A0000,030A0000,securom,securom,0,1
0060AFF0,024DCB1C,02562F20,024E0CD0,securom,securom,1,1
0060B89C,024D2C18,025336C0,025336C0,securom,securom,0,0
0060BF70,024D64F4,02566E90,02566E90,securom,securom,0,1
0060C700,024D65C4,0256B290,0256B290,securom,securom,0,1
0060CC74,024CD3D8,02534F40,0050AE5D,securom,text,1,0
0060CDA0,024DB7D4,03030000,03030000,securom,securom,0,1
0060CF40,024D64D8,02566E60,006A03B0,securom,text,1,1
0060D020,024DD4EC,0256B270,00602C50,securom,text,1,1
0060D070,024D6F40,0255E580,0255E580,securom,securom,0,1
0060D1B0,024DB4E4,02DB0000,02DB0000,securom,securom,0,1
0060D400,024DC8C0,02566E30,02566E30,securom,securom,0,1
0060D420,024D62FC,0256B250,0256B250,securom,securom,0,1
0060D4F0,024D73C0,0255E550,0058FA50,securom,text,1,1
0060D530,024DB884,02562EB0,0041C700,securom,text,1,1
0060D570,024D6424,0256B230,0256B230,securom,securom,0,1
0060D820,024DBB84,02562E90,004B08B0,securom,text,1,1
0060D860,024DCCAC,02566E10,005861E0,securom,text,1,1
0060E720,024D766C,0255E530,024FF250,securom,securom,1,1
0060E9A0,024DBCAC,03230000,03230000,securom,securom,0,1
0060EA60,024D6014,02566DF0,02566DF0,securom,securom,0,1
0060EAB0,024D7048,0256B200,024F92A0,securom,securom,1,1
0060ED50,024DB7CC,03020000,03020000,securom,securom,0,1
0060EDD0,024DB7E8,0255DDA0,004950F0,securom,text,1,1
0060EE40,024DCA34,02562E40,02562E40,securom,securom,0,1
0060F58B,024D2D1C,025336A0,025336A0,securom,securom,0,0
006108E0,024DCCF4,02566DC0,02566DC0,securom,securom,0,1
00610C00,024D7290,0256B1D0,0256B1D0,securom,securom,0,1
006111F0,024D707C,0255E4D0,0255E4D0,securom,securom,0,1
006115F0,024DB93C,030D0000,030D0000,securom,securom,0,1
00613864,024D36F8,02534F20,02534F20,securom,securom,0,0
00613F90,024D75AC,0256B1A0,0256B1A0,securom,securom,0,1
00615390,024D72B8,0255E4A0,0255E4A0,securom,securom,0,1
00615407,024D2D10,02536C20,005441EA,securom,text,1,0
006154C0,024DB838,02562DF0,02562DF0,securom,securom,0,1
00615870,024D6730,0256B170,0256B170,securom,securom,0,1
00616555,024D3788,02533670,004957A1,securom,text,1,0
00616B00,024D6178,02566D90,006D45B0,securom,text,1,1
00616C06,024D2FD0,02534EF0,005215B7,securom,text,1,0
006172D6,024D326C,02536E90,00521186,securom,text,1,0
006176A0,024D655C,0256B150,0256B150,securom,securom,0,1
00617730,024D76A8,0255E470,0255E470,securom,securom,0,1
00617770,024D769C,0255E440,024FF4C0,securom,securom,1,1
00617820,024DBBC4,0295B000,0295B000,securom,securom,0,1
006178C6,024D2A54,02531C90,00412D97,securom,text,1,0
006186A0,024DCB64,02566D60,024E11C0,securom,securom,1,1
006187E0,024D667C,0256B120,024EED00,securom,securom,1,1
006188F0,024D77F0,0255E420,0255E420,securom,securom,0,1
00618940,024DBCEC,02961000,02961000,securom,securom,0,1
006189A0,024D67D4,0256B100,0256B100,securom,securom,0,1
00618A30,024DB528,0255E400,00460110,securom,text,1,1
00619A93,024CCFF8,02531C70,00587BE6,securom,text,1,0
00619B40,024DC748,036C0000,036C0000,securom,securom,0,1
0061A7D0,024DCC68,02566D40,02566D40,securom,securom,0,1
0061A8C0,024D6754,0256B0D0,0256B0D0,securom,securom,0,1
0061A8F0,024D77E8,0255E3D0,0255E3D0,securom,securom,0,1
0061BD30,024CD1B4,02533640,004602F3,securom,text,1,1
0061C0C0,024DC538,035C0000,035C0000,securom,securom,0,1
0061C310,024D6280,0256B0A0,00636160,securom,text,1,1
0061C470,024CD508,02534EC0,0045F0D9,securom,text,1,1
0061CDF0,024DB82C,0255E3A0,0255E3A0,securom,securom,0,1
0061D280,024DB614,02E80000,02E80000,securom,securom,0,1
0061D640,024DCB50,02566CE0,02566CE0,securom,securom,0,1
00620A00,024CD584,02531C40,02531C40,securom,securom,0,1
00620D80,024D73F8,0256B080,0256B080,securom,securom,0,1
00620DD0,024DB84C,03080000,03080000,securom,securom,0,1
006217F0,024D66C8,0256B6C0,0256B6C0,securom,securom,0,1
00621B50,024DB654,02EB0000,02EB0000,securom,securom,0,1
00621C10,024DC884,03770000,03770000,securom,securom,0,1
00621D40,024D6398,025671C0,024EC4E0,securom,securom,1,1
00622810,024D6770,0256B6A0,024EFFF0,securom,securom,1,1
006229E0,024D7900,0255E9D0,02502B20,securom,securom,1,1
00622A80,024DC63C,029A6000,029A6000,securom,securom,0,1
00622BE3,024D2E60,02533610,02533610,securom,securom,0,0
00622C20,024D62D0,02567190,00649EF0,securom,text,1,1
00622FC0,024D7608,0256B680,024FEA90,securom,securom,1,1
00623030,024D6FB4,0255E9B0,024F8A80,securom,securom,1,1
006230E0,024D6FDC,0255E990,00630BF0,securom,text,1,1
00623C10,024DC878,03760000,03760000,securom,securom,0,1
00623D00,024D638C,02567170,02567170,securom,securom,0,1
00623D50,024D73EC,0256B650,0067C3E0,securom,text,1,1
006243C8,024CD5E8,02534EA0,02534EA0,securom,securom,0,0
00624B10,024DB648,02EA0000,02EA0000,securom,securom,0,1
00626850,024DBC3C,0295E000,0295E000,securom,securom,0,1
006269DC,024D2DC0,02536E60,02536E60,securom,securom,0,0
00626E34,024CDB00,02536E40,00566A06,securom,text,1,0
00627650,024DCBB4,02567140,0059F070,securom,text,1,1
00627950,024D6840,0256B620,004F0FD0,securom,text,1,1
00627990,024D78F8,0255E920,0255E920,securom,securom,0,1
00627A40,024DC668,029A8000,029A8000,securom,securom,0,1
00627BB0,024CD7A4,02531C10,005515B6,securom,text,1,1
00627C30,024D62C0,02567120,0057C900,securom,text,1,1
00628640,024D659C,0256B600,0256B600,securom,securom,0,1
006290C6,024D2D7C,025335F0,025335F0,securom,securom,0,0
0062D1C6,024CD870,02536E10,02536E10,securom,securom,0,0
0062DD66,024D3730,02534E80,02534E80,securom,securom,0,0
0062E4E0,024D7420,0255E900,0255E900,securom,securom,0,1
0062E540,024D7514,0255E8E0,0255E8E0,securom,securom,0,1
0062FF90,024DCBA8,02563170,0057DE60,securom,text,1,1
0062FFE0,024D65A4,02567100,02567100,securom,securom,0,1
00630840,024D6790,0256B5E0,024F00F0,securom,securom,1,1
00630970,024DBD80,032D0000,032D0000,securom,securom,0,1
006309E0,024D6898,0256B9A0,0256B9A0,securom,securom,0,1
00630A90,024DB5DC,0255EDC0,004944D0,securom,text,1,1
00630BE0,024DC824,03720000,03720000,securom,securom,0,1
00630C60,024D5F48,02567440,024E88B0,securom,securom,1,1
00630D90,024DB8F8,030C0000,030C0000,securom,securom,0,1
00631B20,024DC800,029B8000,029B8000,securom,securom,0,1
00631C60,024D6354,02567420,02567420,securom,securom,0,1
00631C90,024D73BC,0256B970,0256B970,securom,securom,0,1
00631CC0,024DB7E0,03040000,03040000,securom,securom,0,1
00631D40,024DB8C0,0255ED20,0255ED20,securom,securom,0,1
00631DD0,024DCA40,025634D0,025634D0,securom,securom,0,1
00631ED0,024D6510,02567400,02567400,securom,securom,0,1
00631F7D,024CD0AC,02536DE0,02536DE0,securom,securom,0,0
00631FC0,024D767C,0256B940,0256B940,securom,securom,0,1
00632050,024D7038,0255ECF0,0255ECF0,securom,securom,0,1
00632230,024DB6E4,02F60000,02F60000,securom,securom,0,1
00632600,024D65D8,0256B920,0256B920,securom,securom,0,1
00632730,024D7778,0255ECD0,0255ECD0,securom,securom,0,1
006327B0,024DBBB4,031F0000,031F0000,securom,securom,0,1
00632B20,024D6260,025673D0,025673D0,securom,securom,0,1
00632C50,024D73B0,0256B900,0256B900,securom,securom,0,1
00632CD0,024DB800,03060000,03060000,securom,securom,0,1
00633480,024DB8EC,0294C000,0294C000,securom,securom,0,1
006334F7,024D362C,02531BF0,02531BF0,securom,securom,0,0
00633980,024D6894,0256B8E0,0256B8E0,securom,securom,0,1
00633A90,024DB5CC,02E50000,02E50000,securom,securom,0,1
00633AF0,024DB608,02E70000,02E70000,securom,securom,0,1
00633B50,024DC814,029BA000,029BA000,securom,securom,0,1
00633BB0,024D6270,025673A0,025673A0,securom,securom,0,1
00633C50,024D73A4,0256B8C0,0256B8C0,securom,securom,0,1
00633F6A,024CCF44,025335D0,004ACF9E,securom,text,1,0
00633FA0,024DBAEC,02959000,02959000,securom,securom,0,1
00634120,024DB5C0,0293A000,0293A000,securom,securom,0,1
006341F0,024D6190,0256B8A0,0256B8A0,securom,securom,0,1
00634330,024D739C,0255EBB0,0255EBB0,securom,securom,0,1
006345E0,024DCB44,02567370,024E0F00,securom,securom,1,1
00634D70,024D747C,0256B880,0256B880,securom,securom,0,1
00635BC6,024CD768,02531BD0,004ADBC5,securom,text,1,0
00636150,024D7140,0255EB90,0255EB90,securom,securom,0,1
00636480,024DB8E8,02563390,02563390,securom,securom,0,1
00636A46,024D2CF8,02534E50,00521087,securom,text,1,0
00636C00,024D634C,02567350,02567350,securom,securom,0,1
00636C60,024D738C,0256B860,0256B860,securom,securom,0,1
006384F0,024D74A4,0255EB60,024FD490,securom,securom,1,1
0063D8B8,024CD318,02536DB0,02536DB0,securom,securom,0,0
00648800,024D35D0,02531BB0,02531BB0,securom,securom,0,1
00648870,024DCDA8,02567330,02567330,securom,securom,0,1
00648D70,024DCA88,02563370,02563370,securom,securom,0,1
00648DC0,024D74F8,0256BD00,0256BD00,securom,securom,0,1
00648F55,024CD1E0,025335A0,025335A0,securom,securom,0,0
006493EC,024CD448,02534E30,02534E30,securom,securom,0,0
00649700,024D77E0,0255F270,02500D50,securom,securom,1,1
00649820,024DBD04,02963000,02963000,securom,securom,0,1
00649860,024DCDA0,02567780,006B6700,securom,text,1,1
00649B20,024DB758,02FA0000,02FA0000,securom,securom,0,1
00649C40,024DC97C,02563830,02563830,securom,securom,0,1
00649D70,024D6444,02567760,02567760,securom,securom,0,1
00649EE0,024D75E0,0256BCE0,0256BCE0,securom,securom,0,1
00649F80,024DBB24,0255F200,0255F200,securom,securom,0,1
0064A040,024D7078,0255F1E0,0255F1E0,securom,securom,0,1
0064A0D0,024DB568,02563810,02563810,securom,securom,0,1
0064A140,024DC784,029B4000,029B4000,securom,securom,0,1
0064A530,024D6558,0256BCB0,0256BCB0,securom,securom,0,1
0064A680,024D7700,0255F1B0,024FFFF0,securom,securom,1,1
0064A6EB,024D3150,02531B80,00538F22,securom,text,1,0
00654E40,024CDC98,02535070,02535070,securom,securom,0,1
006552A0,024D3324,02537010,02537010,securom,securom,0,1
00655B10,024DB784,02FF0000,02FF0000,securom,securom,0,1
00655B60,024DC8B8,025637E0,025637E0,securom,securom,0,1
00655DB0,024D64BC,025676F0,025676F0,securom,securom,0,1
00655E70,024D7644,0256BC90,0058CA00,securom,text,1,1
00655F30,024DBB38,0255F150,0255F150,securom,securom,0,1
00655F90,024DCC80,025637B0,025637B0,securom,securom,0,1
0065680A,024D2C38,02535040,02535040,securom,securom,0,0
00656890,024DCE24,025676D0,025676D0,securom,securom,0,1
00656B30,024DB780,02FE0000,02FE0000,securom,securom,0,1
00656C20,024DC9AC,02563780,02563780,securom,securom,0,1
00665740,024DCD54,025676B0,025676B0,securom,securom,0,1
006657D0,024D6798,0256BC60,0256BC60,securom,securom,0,1
00665B50,024DB7C8,03010000,03010000,securom,securom,0,1
00665B80,024DC914,02563760,02563760,securom,securom,0,1
00665BD0,024D737C,0256BC30,0256BC30,securom,securom,0,1
00665E82,024D2A94,025337C0,025337C0,securom,securom,0,0
00671E30,024DBAE4,02958000,02958000,securom,securom,0,1
00672090,024DB604,0293C000,0293C000,securom,securom,0,1
00672570,024DCC38,02567690,02567690,securom,securom,0,1
00672CF0,024D74F4,0256BC00,0256BC00,securom,securom,0,1
006745B0,024D76D0,0255F080,0255F080,securom,securom,0,1
00675CE0,024DCA80,02563700,02563700,securom,securom,0,1
00677238,024D2B0C,02536FE0,02536FE0,securom,securom,0,0
00677260,024DC950,02567670,02567670,securom,securom,0,1
00678F10,024D77A8,0256BBE0,0256BBE0,securom,securom,0,1
0067A700,024D78B0,0255F060,0255F060,securom,securom,0,1
0067B040,024D715C,0255F040,0255F040,securom,securom,0,1
0067BA80,024DC830,025636E0,025636E0,securom,securom,0,1
0067BCE0,024D643C,02567640,02567640,securom,securom,0,1
0067C200,024D636C,0256BBB0,0256BBB0,securom,securom,0,1
0067C3D0,024D74EC,0255F010,0255F010,securom,securom,0,1
0067C4C0,024DBA44,025636B0,00478190,securom,text,1,1
0067C650,024D7B24,0255F710,02506090,securom,securom,1,1
0067CA5B,024D34F8,02531D90,0057DFB6,securom,text,1,0
0067CE70,024DCF1C,02563CA0,02563CA0,securom,securom,0,1
0067D4C0,024DCE20,02567B10,006A4950,securom,text,1,1
0067D540,024D6934,0256C120,024F1FC0,securom,securom,1,1
0067D5B0,024D7A44,0255F6E0,0255F6E0,securom,securom,0,1
0067E1C0,024DBA84,03140000,03140000,securom,securom,0,1
0067E270,024DCC74,02567AE0,02567AE0,securom,securom,0,1
0067E340,024D7810,0255F6B0,006C7F10,securom,text,1,1
0067E670,024D7B58,0255F680,0255F680,securom,securom,0,1
00680726,024D3464,02535010,02535010,securom,securom,0,0
00682610,024DCFFC,02567AB0,02567AB0,securom,securom,0,1
00682910,024D6DDC,0256C0F0,0256C0F0,securom,securom,0,1
006859CA,024CD8F8,02536FB0,02536FB0,securom,securom,0,0
00685B90,024DBB6C,0255F650,0255F650,securom,securom,0,1
00685C50,024DCD4C,02563C50,024E2B80,securom,securom,1,1
00685D60,024D7968,0256C0C0,0256C0C0,securom,securom,0,1
006869B0,024D7F0C,0255F630,0250AA70,securom,securom,1,1
00687AD0,024DCBEC,02563C20,02563C20,securom,securom,0,1
00688640,024DD028,02567A90,02567A90,securom,securom,0,1
006886C0,024D6A6C,0256C0A0,0256C0A0,securom,securom,0,1
00688710,024D7C74,0255F610,0255F610,securom,securom,0,1
00688910,024DC338,02563C00,02563C00,securom,securom,0,1
006894F0,024DCE50,02567A60,02567A60,securom,securom,0,1
00689550,024D6994,0256C070,0256C070,securom,securom,0,1
00689680,024D7B84,0255F5F0,0255F5F0,securom,securom,0,1
00689B37,024CDD38,02536F80,02536F80,securom,securom,0,0
0068B1F0,024D7660,0255F5C0,0255F5C0,securom,securom,0,1
0068B650,024DBFA0,02979000,02979000,securom,securom,0,1
0068B6D3,024CD7A0,02531D70,02531D70,securom,securom,0,0
0068B930,024DD404,02567A40,02567A40,securom,securom,0,1
0068BF50,024DBF9C,0255F590,0255F590,securom,securom,0,1
0068C1A0,024DBAB0,02956000,02956000,securom,securom,0,1
0068C2D0,024D670C,0256C040,0256C040,securom,securom,0,1
0068C4C0,024D7988,0255F570,0255F570,securom,securom,0,1
0068CB20,024DCC8C,02563B70,02563B70,securom,securom,0,1
0068CBA0,024D66FC,02567A20,02567A20,securom,securom,0,1
0068CC60,024D7850,0256C020,0256C020,securom,securom,0,1
0068CCB0,024DBC78,03220000,03220000,securom,securom,0,1
0068D170,024DBA98,02955000,02955000,securom,securom,0,1
0068D200,024DCC84,02567A00,02567A00,securom,securom,0,1
0068D470,024D686C,0256BFF0,0256BFF0,securom,securom,0,1
0068E460,024D7960,0255F500,0255F500,securom,securom,0,1
0068EBA0,024DBB7C,0255F4E0,0255F4E0,securom,securom,0,1
0068F102,024D2D90,02534FF0,02534FF0,securom,securom,0,0
0068F590,024DBE94,0296F000,0296F000,securom,securom,0,1
0068F6D0,024DD094,025679D0,025679D0,securom,securom,0,1
0068F8B0,024D6CC4,0256BFD0,0256BFD0,securom,securom,0,1
0068FA60,024DBA90,03150000,03150000,securom,securom,0,1
006906A0,024DBFE4,0297C000,0297C000,securom,securom,0,1
006908D0,024D6D60,0256BFA0,0256BFA0,securom,securom,0,1
00690963,024D32A0,02531D40,02531D40,securom,securom,0,0
006909B0,024D7FDC,0255F490,0255F490,securom,securom,0,1
00690BE0,024DCCE8,02563A80,02563A80,securom,securom,0,1
00690C90,024D67AC,025679A0,025679A0,securom,securom,0,1
00690DE0,024D79F0,0256BF80,0256BF80,securom,securom,0,1
00692FA0,024DBFF4,033C0000,033C0000,securom,securom,0,1
00693070,024DB9D8,02563A50,02563A50,securom,securom,0,1
00693420,024DCE80,02567970,024E3620,securom,securom,1,1
006935B0,024D7AA0,0255F440,005892B0,securom,text,1,1
00693B42,024CDA78,02533790,02533790,securom,securom,0,0
00693FF0,024DBFE8,033B0000,033B0000,securom,securom,0,1
00694C60,024CCF6C,02534FD0,004DE096,securom,text,1,1
006954C0,024DBDE0,032F0000,032F0000,securom,securom,0,1
00696040,024D650C,0256BF50,006B3020,securom,text,1,1
00696210,024DBB94,031C0000,031C0000,securom,securom,0,1
006963F0,024D67C0,0256C540,006A21D0,securom,text,1,1
00696460,024D79A8,0255FC80,0255FC80,securom,securom,0,1
00696620,024DD0B8,02567EC0,00601560,securom,text,1,1
00696840,024D6D14,0256C520,024F5E80,securom,securom,1,1
00696DD0,024DBDD4,0296C000,0296C000,securom,securom,0,1
00697410,024DCE78,02567EA0,02567EA0,securom,securom,0,1
00698760,024D6BDC,0256C500,0256C500,securom,securom,0,1
0069B6E0,024D7BC4,0255FC20,0255FC20,securom,securom,0,1
0069B720,024D7C9C,0255FBF0,0255FBF0,securom,securom,0,1
0069B860,024DC28C,034B0000,034B0000,securom,securom,0,1
0069B910,024DD448,02567E70,02567E70,securom,securom,0,1
0069CDA8,024D33E8,02536F60,02536F60,securom,securom,0,0
0069E6A0,024D6ACC,0256C4D0,0256C4D0,securom,securom,0,1
0069F0A0,024D75A8,0255FBD0,0255FBD0,securom,securom,0,1
0069F120,024DBAC0,02957000,02957000,securom,securom,0,1
0069FCD0,024DBCFC,02962000,02962000,securom,securom,0,1
006A03A0,024DBEFC,02973000,02973000,securom,securom,0,1
006A0450,024DD0A8,02567E40,02567E40,securom,securom,0,1
006A04C0,024D6ABC,0256C4A0,0256C4A0,securom,securom,0,1
006A0518,024D2D74,02531D10,02531D10,securom,securom,0,0
006A0F50,024D2B3C,02533760,02533760,securom,securom,0,1
006A1080,024D77A0,0255FB60,0255FB60,securom,securom,0,1
006A10D0,024DBBA4,031E0000,031E0000,securom,securom,0,1
006A1B80,024D68D8,02567E10,02567E10,securom,securom,0,1
006A1F90,024D7E04,0256C480,0256C480,securom,securom,0,1
006A2080,024D7794,0255FB30,0255FB30,securom,securom,0,1
006A21C0,024DBCDC,02563FC0,02563FC0,securom,securom,0,1
006A2250,024DCEA0,02567DF0,02567DF0,securom,securom,0,1
006A3840,024D6F54,0256C460,0256C460,securom,securom,0,1
006A3860,024DB454,0255FB10,0255FB10,securom,securom,0,1
006A3980,024DC600,03640000,03640000,securom,securom,0,1
006A42E0,024D68F8,0256C440,0256C440,securom,securom,0,1
006A431A,024D3598,02536F40,02536F40,securom,securom,0,0
006A4700,024DC3DC,02563F70,02563F70,securom,securom,0,1
006A4870,024D6F7C,0256C420,0256C420,securom,securom,0,1
006A4940,024DB518,02DE0000,02DE0000,securom,securom,0,1
006A53C0,024DCFB4,02567DD0,02567DD0,securom,securom,0,1
006A5490,024D6AB4,0256C400,0256C400,securom,securom,0,1
006A5580,024D7CAC,0255FAB0,0255FAB0,securom,securom,0,1
006A74D9,024D3558,02531CF0,02531CF0,securom,securom,0,0
006A79E7,024D35CC,025351C0,025351C0,securom,securom,0,0
006A94E0,024D7BEC,0255FA80,0255FA80,securom,securom,0,1
006A9580,024DC150,03430000,03430000,securom,securom,0,1
006A95F0,024DD228,02567DB0,02567DB0,securom,securom,0,1
006A9640,024D6D50,0256C3D0,0256C3D0,securom,securom,0,1
006AA160,024D78A4,0255FA60,0255FA60,securom,securom,0,1
006ABC60,024D3370,025371B0,025371B0,securom,securom,0,1
006AC4C0,024D7BE8,0255FA30,0255FA30,securom,securom,0,1
006AC700,024DC3EC,02563F10,02563F10,securom,securom,0,1
006AC990,024D6040,02567D90,0061C0D0,securom,text,1,1
006ACCD0,024D7AF0,0256C3A0,0256C3A0,securom,securom,0,1
006AD0D0,024D77D0,0255FA00,0255FA00,securom,securom,0,1
006AD120,024DBCD4,03250000,03250000,securom,securom,0,1
006ADB4B,024CDCC4,025351A0,004FBC71,securom,text,1,0
006AEDA0,024D6B18,02567D70,024F40D0,securom,securom,1,1
006AEE20,024D7CA8,0256C380,0256C380,securom,securom,0,1
006AEED0,024DC16C,02988000,02988000,securom,securom,0,1
006AF000,024D7788,0255F9A0,02500880,securom,securom,1,1
006AFA40,024DBCCC,02960000,02960000,securom,securom,0,1
006AFDE5,024D34E8,02537190,02537190,securom,securom,0,0
006AFE30,024DD1F0,025643C0,025643C0,securom,securom,0,1
006B0260,024D6930,0256C8B0,0256C8B0,securom,securom,0,1
006B0280,024D7A18,02560030,02560030,securom,securom,0,1
006B02B0,024DBE44,0296D000,0296D000,securom,securom,0,1
006B0329,024D3300,02531E70,02531E70,securom,securom,0,0
006B12A0,024DCF0C,02568200,02568200,securom,securom,0,1
006B1C40,024D7B18,0256C890,0256C890,securom,securom,0,1
006B1D20,024DC020,0297F000,0297F000,securom,securom,0,1
006B20A0,024D7824,0255FFD0,0255FFD0,securom,securom,0,1
006B20F0,024DBC50,02564370,02564370,securom,securom,0,1
006B2160,024DCDC8,025681D0,025681D0,securom,securom,0,1
006B2F00,024DD38C,02564340,02564340,securom,securom,0,1
006B2FA0,024D7EC8,0256C860,0256C860,securom,securom,0,1
006B2FC0,024DC2EC,02993000,02993000,securom,securom,0,1
006B3010,024DBC34,02564320,02564320,securom,securom,0,1
006B35B0,024DD254,025681B0,025681B0,securom,securom,0,1
006B3601,024CDAC0,02537170,004FD101,securom,text,1,0
006B36B0,024D6DD4,0256C840,0256C840,securom,securom,0,1
006B36D0,024D7EC4,0255FF70,0255FF70,securom,securom,0,1
006B3730,024DC458,025642F0,025642F0,securom,securom,0,1
006B3780,024DD4BC,02568180,02568180,securom,securom,0,1
006B41A0,024D6830,0256C820,0256C820,securom,securom,0,1
006B4320,024D7B0C,0255FF50,006C9800,securom,text,1,1
006B4370,024D7B50,0255FF20,02506390,securom,securom,1,1
006B4A90,024DCE18,025642D0,025642D0,securom,securom,0,1
006B4B00,024D6920,02568160,024F1E30,securom,securom,1,1
006B4C80,024DBF6C,02977000,02977000,securom,securom,0,1
006B4E00,024DD230,025642A0,00590880,securom,text,1,1
006B4F20,024D7EF4,0256CBB0,0256CBB0,securom,securom,0,1
006B52D0,024DBE88,03320000,03320000,securom,securom,0,1
006B5340,024DCFF0,02568450,02568450,securom,securom,0,1
006B53D0,024D6A64,0256CB80,0256CB80,securom,securom,0,1
006B5440,024D7C70,025603F0,025603F0,securom,securom,0,1
006B54A0,024DC0B0,03400000,03400000,securom,securom,0,1
006B5560,024DD2B8,02568420,0067BA90,securom,text,1,1
006B5810,024D7008,0256CB60,024F8FD0,securom,securom,1,1
006B64C0,024D7C80,025603D0,025080C0,securom,securom,1,1
006B6520,024DC228,0298C000,0298C000,securom,securom,0,1
006B6570,024DD2A8,02568400,005ABA10,securom,text,1,1
006B65D0,024D6CB4,0256CB30,0256CB30,securom,securom,0,1
006B6630,024D7EEC,025603A0,025603A0,securom,securom,0,1
006B6690,024DC368,03520000,03520000,securom,securom,0,1
006B66F0,024D7F4C,02560380,02560380,securom,securom,0,1
006B6920,024DC6B0,029AB000,029AB000,securom,securom,0,1
006B7200,024DCF44,025683E0,025683E0,securom,securom,0,1
006B7240,024D6988,0256CB10,0256CB10,securom,securom,0,1
006B72F0,024D7A5C,02560360,02560360,securom,securom,0,1
006B8380,024DBF94,025645E0,0064A150,securom,text,1,1
006B8710,024DD4E8,025683C0,024E8720,securom,securom,1,1
006B8880,024DB4A8,02D90000,02D90000,securom,securom,0,1
006B8900,024DB5A0,02E20000,02E20000,securom,securom,0,1
006B8960,024DC6A8,029AA000,029AA000,securom,securom,0,1
006B8CB0,024D6A88,02568390,02568390,securom,securom,0,1
006B8D10,024D7C78,0256CAE0,0256CAE0,securom,securom,0,1
006B8F50,024DC35C,03510000,03510000,securom,securom,0,1
006B9010,024DBC5C,03210000,03210000,securom,securom,0,1
006B9370,024D6A5C,0256CAC0,0256CAC0,securom,securom,0,1
006B9840,024DB4A4,02560290,00409360,securom,text,1,1
006B9944,024D36B4,02537150,0052FDD5,securom,text,1,0
006B9AB0,024D7980,0256CAA0,0256CAA0,securom,securom,0,1
006B9D60,024DC0A8,02560270,02560270,securom,securom,0,1
006B9F00,024DD400,02564540,024E77B0,securom,securom,1,1
006B9F70,024D6DF8,02568370,024F6A90,securom,securom,1,1
006BA110,024D6864,0256CA80,0256CA80,securom,securom,0,1
006BA190,024D7958,02560250,02560250,securom,securom,0,1
006BB070,024D7844,02560230,02560230,securom,securom,0,1
006BB0B7,024D3354,02535180,02535180,securom,securom,0,0
006BB3E0,024DBFC8,02564510,02564510,securom,securom,0,1
006BB630,024DD3F8,02568340,02568340,securom,securom,0,1
006BB780,024D6EDC,0256CA50,0256CA50,securom,securom,0,1
006BB9B7,024D338C,02537130,02537130,securom,securom,0,0
006BBCF0,024DBFC0,033A0000,033A0000,securom,securom,0,1
006BC090,024DBC68,025644E0,025644E0,securom,securom,0,1
006BC1C0,024D6888,0256CF80,0256CF80,securom,securom,0,1
006BC2F0,024D7A84,02560780,02560780,securom,securom,0,1
006BC430,024DC0A4,02983000,02983000,securom,securom,0,1
006BC530,024DD2A0,02568740,02568740,securom,securom,0,1
006BC660,024D6E30,0256CF60,0256CF60,securom,securom,0,1
006BC8A0,024DB4DC,02560750,02560750,securom,securom,0,1
006BC9C0,024DC6E4,029AD000,029AD000,securom,securom,0,1
006BCA70,024D6880,02568720,02568720,securom,securom,0,1
006BCDF0,024D7C94,0256CF30,0256CF30,securom,securom,0,1
006BCFD0,024DC3BC,02560720,02560720,securom,securom,0,1
006BD0D0,024D7868,025606F0,025606F0,securom,securom,0,1
006BD4B0,024DD190,025686F0,025686F0,securom,securom,0,1
006BD760,024DC4CC,02564980,02564980,securom,securom,0,1
006BDC50,024D6A7C,025686D0,025686D0,securom,securom,0,1
006BDCC0,024D7BAC,0256CF00,0256CF00,securom,securom,0,1
006BDDA0,024DD1B8,02564950,02564950,securom,securom,0,1
006BDE80,024D7D80,0256CEE0,0256CEE0,securom,securom,0,1
006BDF70,024DC3AC,02996000,02996000,securom,securom,0,1
006BE2E0,024DCF6C,025686B0,025686B0,securom,securom,0,1
006BE5D0,024DC274,034A0000,034A0000,securom,securom,0,1
006BE720,024D80A4,02560690,02560690,securom,securom,0,1
006BE850,024D600C,02568690,02568690,securom,securom,0,1
006BE8E0,024D3134,02531E40,02531E40,securom,securom,0,1
006BEA70,024D7970,0256CEB0,0256CEB0,securom,securom,0,1
006BEC90,024DBFB8,0297B000,0297B000,securom,securom,0,1
006BEDB0,024DD1B0,025648F0,025648F0,securom,securom,0,1
006BEF30,024D6E2C,02568670,02568670,securom,securom,0,1
006BEFD0,024CDD44,02533880,02533880,securom,securom,0,1
006BF160,024D6878,0256CE90,0256CE90,securom,securom,0,1
006BF310,024D7B88,02560640,02560640,securom,securom,0,1
006BF6E0,024D3410,02535150,02535150,securom,securom,0,1
006BF790,024D8094,02560620,02560620,securom,securom,0,1
006BF960,024DC6D4,029AC000,029AC000,securom,securom,0,1
006BFBE0,024D69D0,02568640,02568640,securom,securom,0,1
006BFDF0,024D7C8C,0256CE60,0256CE60,securom,securom,0,1
006BFE80,024D2BB8,02537110,02537110,securom,securom,0,1
006C0000,024D7880,025605F0,025605F0,securom,securom,0,1
006C0210,024DBED0,03340000,03340000,securom,securom,0,1
006C10B0,024D7C38,02560B10,02560B10,securom,securom,0,1
006C10E0,024DC048,033E0000,033E0000,securom,securom,0,1
006C1260,024D6D94,0256D340,0256D340,securom,securom,0,1
006C12D0,024D7EB8,02560AE0,02560AE0,securom,securom,0,1
006C13D0,024D6EB8,0256D310,0256D310,securom,securom,0,1
006C19E0,024DB988,0294E000,0294E000,securom,securom,0,1
006C1E40,024D60B8,02564D70,02564D70,securom,securom,0,1
006C2000,024DD0F4,025689E0,025689E0,securom,securom,0,1
006C2050,024D6B3C,0256D2E0,0256D2E0,securom,securom,0,1
006C2640,024DB638,0293E000,0293E000,securom,securom,0,1
006C2E20,024D60A8,02564D50,02564D50,securom,securom,0,1
006C2EA0,024D70BC,025689C0,025689C0,securom,securom,0,1
006C2F60,024DB664,02ED0000,02ED0000,securom,securom,0,1
006C423A,024CD5FC,02533860,0041A75E,securom,text,1,0
006C4950,024DB97C,03100000,03100000,securom,securom,0,1
006C4A40,024DC19C,02560A30,02560A30,securom,securom,0,1
006C4B60,024DD3B8,02564D30,02564D30,securom,securom,0,1
006C4E60,024D70B0,02568990,024F9B80,securom,securom,1,1
006C5E00,024DC638,03670000,03670000,securom,securom,0,1
006C60F0,024DC084,02564D10,02564D10,securom,securom,0,1
006C61E0,024D6C5C,0256D280,024F4D30,securom,securom,1,1
006C6290,024D7EA8,025609D0,025609D0,securom,securom,0,1
006C62E0,024DC330,02564CF0,02564CF0,securom,securom,0,1
006C6880,024D63A8,02568970,02568970,securom,securom,0,1
006C6CD0,024D8068,0256D250,0256D250,securom,securom,0,1
006C6D10,024DC56C,029A1000,029A1000,securom,securom,0,1
006C6D50,024D5F9C,02564CC0,02564CC0,securom,securom,0,1
006C6EB0,024D70D8,02568950,02568950,securom,securom,0,1
006C7000,024D6B84,0256D230,024F4400,securom,securom,1,1
006C70C0,024D7C60,02560980,02560980,securom,securom,0,1
006C7140,024DC1D0,03460000,03460000,securom,securom,0,1
006C7650,024D61FC,02568920,02568920,securom,securom,0,1
006C76D0,024D721C,0256D210,0256D210,securom,securom,0,1
006C7760,024DB774,02FD0000,02FD0000,securom,securom,0,1
006C7880,024DC9A8,02564C50,02564C50,securom,securom,0,1
006C78F0,024D7414,0256D1F0,0256D1F0,securom,securom,0,1
006C7F00,024D61F4,02564C20,006D2ED0,securom,text,1,1
006C8000,024DD134,02568900,024E4FA0,securom,securom,1,1
006C8180,024D6C54,0256D1D0,024F4C00,securom,securom,1,1
006C8690,024DC798,029B5000,029B5000,securom,securom,0,1
006C88E0,024D63B4,025688E0,006D4880,securom,text,1,1
006C9090,024D6B78,0256D1B0,005FA380,securom,text,1,1
006C96C0,024DB68C,0293F000,0293F000,securom,securom,0,1
006C97F0,024DC8B4,029BE000,029BE000,securom,securom,0,1
006CCCCF,024CD8F0,02533830,00501956,securom,text,1,0
006CD9C0,024DB99C,02950000,02950000,securom,securom,0,1
006CDAB0,024DD26C,02564B90,02564B90,securom,securom,0,1
006CDBA0,024D7EE4,0256D910,0250A7B0,securom,securom,1,1
006CDC40,024DC484,03590000,03590000,securom,securom,0,1
006CDD10,024D5F98,02565160,02565160,securom,securom,0,1
006CDD90,024D7000,02568DD0,02568DD0,securom,securom,0,1
006CDDE0,024DB4A0,02934000,02934000,securom,securom,0,1
006CDE10,024DC664,02561010,02561010,securom,securom,0,1
006CDE30,024D60C8,02565130,02565130,securom,securom,0,1
006CDEA0,024D70D4,02568DA0,02568DA0,securom,securom,0,1
006CDFB0,024DB67C,02EF0000,02EF0000,securom,securom,0,1
006CE0C0,024D7C54,02560FE0,0059DE70,securom,text,1,1
006CE1C0,024DC21C,03470000,03470000,securom,securom,0,1
006CE330,024D6EB4,0256D880,024F7630,securom,securom,1,1
006CE3B0,024D8060,02560FB0,02560FB0,securom,securom,0,1
006CE780,024DC8AC,025650C0,005F24A0,securom,text,1,1
006CEAE0,024D7D4C,0256D850,02508F30,securom,securom,1,1
006CEB50,024DC320,02994000,02994000,securom,securom,0,1
006CED20,024D6FF4,02568D70,0060EDE0,securom,text,1,1
006CF5E0,024D70F0,0256D830,024F9F70,securom,securom,1,1
006CF670,024DB66C,02EE0000,02EE0000,securom,securom,0,1
006CF6B0,024DC7C8,02565090,02565090,securom,securom,0,1
006D0160,024DD2FC,02568D40,00609020,securom,text,1,1
006D0280,024D6E28,0256D810,0256D810,securom,securom,0,1
006D02E0,024D7F48,02560F20,0059DEE0,securom,text,1,1
006D0B70,024DC3A8,03530000,03530000,securom,securom,0,1
006D1530,024DC6A0,02565070,02565070,securom,securom,0,1
006D16F0,024D6258,02568D20,02568D20,securom,securom,0,1
006D2EC0,024DC6C4,03680000,03680000,securom,securom,0,1
006D30C0,024DC0E4,02984000,02984000,securom,securom,0,1
006D3640,024D7274,0256D7F0,0256D7F0,securom,securom,0,1
006D3840,024DB8B8,0294A000,0294A000,securom,securom,0,1
006D3A40,024DD2F4,02565000,02565000,securom,securom,0,1
006D3AD0,024D6D04,02568CF0,02568CF0,securom,securom,0,1
006D3BE0,024D7FA0,0256D7D0,0256D7D0,securom,securom,0,1
006D3E20,024D6140,02564FE0,02564FE0,securom,securom,0,1
006D4470,024D6000,02568CC0,02568CC0,securom,securom,0,1
006D45A0,024D7130,0256D7A0,0256D7A0,securom,securom,0,1
006D4690,024DB6DC,02F50000,02F50000,securom,securom,0,1
006D4780,024DB7C0,02560E20,02560E20,securom,securom,0,1
006D4870,024DCA24,02564FC0,02564FC0,securom,securom,0,1
006D4960,024D64E8,02568CA0,02568CA0,securom,securom,0,1
006D4AB0,024D7DB4,0256D780,0256D780,securom,securom,0,1
006D4EA0,024DC718,029B0000,029B0000,securom,securom,0,1
006D50C0,024DC108,02564FA0,02564FA0,securom,securom,0,1
006D5270,024D6E24,0256D750,0256D750,securom,securom,0,1
006D5420,024DB4D0,02936000,02936000,securom,securom,0,1
006D55D0,024DC710,029AF000,029AF000,securom,securom,0,1
006D5680,024D6230,02568C80,02568C80,securom,securom,0,1
006D56C8,024CDA20,025370F0,025370F0,securom,securom,0,0
006D6170,024D6CA8,0256D720,0256D720,securom,securom,0,1
006D6240,024D7F40,02560D90,02560D90,securom,securom,0,1
006D64E0,024DC5F0,029A4000,029A4000,securom,securom,0,1
006D6590,024D613C,02568C60,024EA2D0,securom,securom,1,1
006D7800,024D7468,0256D700,024FD070,securom,securom,1,1
006D7DE0,024DC5E8,03630000,03630000,securom,securom,0,1
006DC7CB,024CD3AC,02535120,004DE037,securom,text,1,0
006E3A2B,024D36B8,025370D0,00536C73,securom,text,1,0
006E5A6B,024CD0F0,02531E10,00408AC9,securom,text,1,0
006EBAC0,024D6D78,02568C30,024F6370,securom,securom,1,1
006EC1F0,024D6D84,0256DCF0,024F64B0,securom,securom,1,1
006ECBC0,024DC43C,0299A000,0299A000,securom,securom,0,1
006ECD40,024D6030,025653F0,0061A900,securom,text,1,1
006ECE50,024D714C,02569140,02569140,securom,securom,0,1
006ECF30,024DB724,0256DCD0,0256DCD0,securom,securom,0,1
006ED080,024CDB3C,025350F0,025350F0,securom,securom,0,1
006ED110,024DC288,025653D0,025653D0,securom,securom,0,1
006ED170,024DD33C,02569110,02569110,securom,securom,0,1
006ED390,024DB488,025613B0,00404030,securom,text,1,1
006ED510,024DC738,036B0000,036B0000,securom,securom,0,1
006ED5F0,024D61D0,025690E0,025690E0,securom,securom,0,1
006ED6D0,024D72E0,0256DCB0,0256DCB0,securom,securom,0,1
006ED890,024D74E0,0256DC80,0256DC80,securom,securom,0,1
006ED8F0,024DB948,0294D000,0294D000,securom,securom,0,1
006EDB10,024D8020,0256DC50,0250C6B0,securom,securom,1,1
006EDC20,024DC534,0299F000,0299F000,securom,securom,0,1
006EDCF7,024CCF1C,025370B0,025370B0,securom,securom,0,0
006EDE70,024D71A0,025690B0,025690B0,securom,securom,0,1
006EDFE0,024DC874,03750000,03750000,securom,securom,0,1
006EE0F0,024D7D04,025612E0,02508CC0,securom,securom,1,1
006EE1C7,024CD74C,02531DF0,02531DF0,securom,securom,0,0
006EE250,024DC434,03550000,03550000,securom,securom,0,1
006EE3A0,024D6FA8,0256DC20,0256DC20,securom,securom,0,1
006EE4C0,024DB55C,02938000,02938000,securom,securom,0,1
006EE640,024DC860,02565340,0051DC70,securom,text,1,1
006EE770,024D7400,0256DF40,0256DF40,securom,securom,0,1
006EE850,024DB96C,030F0000,030F0000,securom,securom,0,1
006EE9A0,024D32C8,02533810,02533810,securom,securom,0,1
006EEA40,024D6DCC,025692A0,025692A0,securom,securom,0,1
006EEAA0,024D7EE0,0256DF20,0256DF20,securom,securom,0,1
006EECC0,024D6FF0,02569280,024F8F40,securom,securom,1,1
006EEE40,024DB65C,02EC0000,02EC0000,securom,securom,0,1
006EEF20,024DC88C,029BD000,029BD000,securom,securom,0,1
006EF000,024D7D28,02561630,02561630,securom,securom,0,1
006EF150,024D3540,025350C0,025350C0,securom,securom,0,1
006EF1E0,024DD3D8,02569250,02569250,securom,securom,0,1
006EF240,024D6EA4,0256DEC0,0256DEC0,securom,securom,0,1
006EF5D0,024D7210,0256DEA0,0256DEA0,securom,securom,0,1
006EF620,024DB764,02FC0000,02FC0000,securom,securom,0,1
006EF700,024D2CC8,02537090,02537090,securom,securom,0,1
006EF770,024DC9A0,02565580,02565580,securom,securom,0,1
006EF8C0,024D7530,0256DE80,0256DE80,securom,securom,0,1
006EFA40,024DC2E8,034D0000,034D0000,securom,securom,0,1
006EFB90,024DD4B0,02565550,02565550,securom,securom,0,1
006EFC70,024D6FCC,02569230,02569230,securom,securom,0,1
006EFDC0,024DC684,029A9000,029A9000,securom,securom,0,1
006EFE30,024DC794,036F0000,036F0000,securom,securom,0,1
006EFE90,024D61F0,02565520,02565520,securom,securom,0,1
006F00B0,024D7D78,02561550,02509220,securom,securom,1,1
006F0231,024CD15C,02537060,004F17B6,securom,text,1,0
006F0672,024CD188,02531DD0,02531DD0,securom,securom,0,0
006F0A82,024CD80C,025337F0,025337F0,securom,securom,0,0
006F1041,024CD97C,025350A0,025350A0,securom,securom,0,0
006F1477,024CD410,02537040,02537040,securom,securom,0,0
006F18B7,024D36D8,02531DB0,02531DB0,securom,securom,0,0
006F1CE1,024CDCA0,025352E0,004F3387,securom,text,1,0
006F2132,024CD17C,02537340,02537340,securom,securom,0,0
006F2790,024D2AEC,02531F60,02531F60,securom,securom,0,1
006F2C21,024D3404,02533960,004B6EF6,securom,text,1,0
006F3062,024D366C,025352B0,025352B0,securom,securom,0,0
006F3691,024D2DB8,02537310,02537310,securom,securom,0,0
006F56D1,024D2A50,02533930,02533930,securom,securom,0,0
007003DF,024CD980,025372F0,025372F0,securom,securom,0,0
007021ED,024D341C,02531F30,02531F30,securom,securom,0,0
00704CC0,024CD654,025372C0,025372C0,securom,securom,0,1
0070764B,024D30BC,02531F10,02531F10,securom,securom,0,0
00707F40,024D2DDC,02533900,02533900,securom,securom,0,1
007083A6,024CCF08,02535290,02535290,securom,securom,0,0
0070896E,024CD7F8,02537290,02537290,securom,securom,0,0
00709C26,024CD7E8,02535270,02535270,securom,securom,0,0
0070A250,024D2AFC,02537270,005515AB,securom,text,1,1
0070D3CA,024CD8E0,025338E0,025338E0,securom,securom,0,0
0070E276,024CDA14,02535250,02535250,securom,securom,0,0
0070F415,024CCF24,02537240,02537240,securom,securom,0,0
0070FBE1,024CCF70,02531EF0,02531EF0,securom,securom,0,0
00713F97,024D2F78,02535220,02535220,securom,securom,0,0
0071602B,024CD41C,02537220,02537220,securom,securom,0,0
00720CA5,024CD3EC,02531EC0,02531EC0,securom,securom,0,0
00724FC3,024CD58C,025338B0,025338B0,securom,securom,0,0
00729DC0,024D2D5C,02537200,02537200,securom,securom,0,1
0072A48A,024CDA60,02531E90,02531E90,securom,securom,0,0
0072BE5A,024D3164,025351F0,025351F0,securom,securom,0,0
0072C543,024D2C08,025371E0,025371E0,securom,securom,0,0
0072DD09,024D29D8,025375B0,0040E586,securom,text,1,0
0072E190,024D33C8,025320E0,0046FC74,securom,text,1,1
0072E874,024CD6FC,02533A90,0052822C,securom,text,1,0
0072F31E,024D376C,025354C0,025354C0,securom,securom,0,0
0072F808,024D2CC4,02537580,02537580,securom,securom,0,0
0072FCA0,024D3588,025320C0,025320C0,securom,securom,0,1
007327A2,024D2F6C,025320A0,004DDA95,securom,text,1,0
00733E99,024D333C,025354A0,025354A0,securom,securom,0,0
00738407,024D31F8,02537560,02537560,securom,securom,0,0
00743D2F,024D3778,02533A70,02533A70,securom,securom,0,0
0074425F,024D33B8,02535470,02535470,securom,securom,0,0
0074512C,024CD1CC,02532070,004D4A78,securom,text,1,0
00745A1A,024D3470,02533A40,0052107C,securom,text,1,0
007462D7,024D2D50,02535450,00459A21,securom,text,1,0
0074B036,024CD524,02537540,004B6E42,securom,text,1,0
0074BCA0,024D2F7C,02532040,004E497A,securom,text,1,1
0074C9B6,024CD09C,02533A10,0056A902,securom,text,1,0
0074CE99,024D3334,02535420,004F5707,securom,text,1,0
0074D524,024CD290,02537510,0049E347,securom,text,1,0
00751807,024CD68C,025374F0,025374F0,securom,securom,0,0
00751F29,024D32B8,02532020,02532020,securom,securom,0,0
007527E1,024D2BD4,025353F0,00544206,securom,text,1,0
00752D48,024CDAD4,025374C0,0051E0B8,securom,text,1,0
00753F46,024CDAF4,02532000,02532000,securom,securom,0,0
00754A50,024D3114,025339E0,005110C1,securom,text,1,1
007556F5,024CD1B0,025353C0,0040A271,securom,text,1,0
00755E20,024CD350,02537490,02537490,securom,securom,0,1
0075914F,024CCF78,02531FE0,004F8606,securom,text,1,0
0075AF88,024CDAAC,02535390,02535390,securom,securom,0,0
0075BD23,024CD140,02537470,004DE06B,securom,text,1,0
0075CB75,024CD370,02535360,02535360,securom,securom,0,0
0075DA61,024D3780,02537440,02537440,securom,securom,0,0
0075E9CD,024CD940,025339C0,025339C0,securom,securom,0,0
0076027E,024CCFEC,02535330,0057ECCC,securom,text,1,0
00760B20,024D308C,02537410,0048C99B,securom,text,1,1
00761777,024CD2F0,02531FC0,0051DDF6,securom,text,1,0
0076260A,024CD9BC,02533990,02533990,securom,securom,0,0
00762D5C,024D2E28,02535300,0046DC97,securom,text,1,0
00763730,024CD5EC,025373E0,005828FB,securom,text,1,1
00766E79,024D29E4,025373B0,025373B0,securom,securom,0,0
00767576,024CDD70,02531F90,0050985B,securom,text,1,0
0076D634,024CDA74,02537390,004B238F,securom,text,1,0
00770289,024CD6B0,02537800,004F1780,securom,text,1,0
007707BC,024D30E0,025322C0,004E5AE6,securom,text,1,0
00771333,024CD208,02533C00,02533C00,securom,securom,0,0
0077180F,024CD7B8,02535660,00471EDD,securom,text,1,0
0077233F,024CD398,025377D0,025377D0,securom,securom,0,0
007727A5,024D2E9C,02532290,00501987,securom,text,1,0
00772D8A,024CD9D8,02533BD0,0040E277,securom,text,1,0
0077385E,024D305C,02535640,02535640,securom,securom,0,0
00773FFC,024CD148,025377B0,025377B0,securom,securom,0,0
0077454B,024D3080,02537780,004516C6,securom,text,1,0
007757A6,024CCF10,02535620,0046B352,securom,text,1,0
00775CF0,024CD42C,02537760,00494BEA,securom,text,1,1
00776789,024D2DA8,025355F0,004CEE83,securom,text,1,0
00776D31,024CD7D8,02537730,02537730,securom,securom,0,0
00777E09,024D2E20,02532270,02532270,securom,securom,0,0
007782ED,024CCFAC,02533BA0,02533BA0,securom,securom,0,0
00778AAF,024CD038,025355D0,025355D0,securom,securom,0,0
0077932E,024CD868,02532250,02532250,securom,securom,0,0
007799B4,024CD938,02533B70,02533B70,securom,securom,0,0
0077ABEB,024D30B0,02537370,02537370,securom,securom,0,0
0077C3E0,024D346C,025355A0,025355A0,securom,securom,0,1
0077CD75,024CD77C,02537700,004F56BD,securom,text,1,0
0077D2D2,024D2C5C,02532230,02532230,securom,securom,0,0
0077DE4A,024CDC58,025376D0,004C0C48,securom,text,1,0
00780DFF,024D3374,02532210,02532210,securom,securom,0,0
00783892,024D2DF0,02535580,0056ED76,securom,text,1,0
00784405,024CDC9C,025321E0,004F56FC,securom,text,1,0
00784970,024CD5D0,02533B40,004FE916,securom,text,1,1
00785C79,024CD9D4,025376A0,00529E15,securom,text,1,0
00787CDD,024D35C8,025321B0,025321B0,securom,securom,0,0
00788B52,024CD280,02535550,02535550,securom,securom,0,0
00789F2E,024CDB98,02537680,00500184,securom,text,1,0
0078BEC2,024CD200,02532180,02532180,securom,securom,0,0
0078E51B,024D35B8,02533B10,02533B10,securom,securom,0,0
0078ED14,024D32F0,02535530,004A05AE,securom,text,1,0
0078F724,024CD2E8,02532150,004F337C,securom,text,1,0
0078FC72,024CD92C,02533AF0,005442F3,securom,text,1,0
00790975,024CD01C,02535510,0045D814,securom,text,1,0
00790E76,024CD088,02537650,0050B49A,securom,text,1,0
00791987,024CD9A8,02537630,02537630,securom,securom,0,0
00793FC3,024CD6DC,02532130,02532130,securom,securom,0,0
00796614,024CD098,02533AC0,02533AC0,securom,securom,0,0
00797934,024D2A40,025354E0,0040A266,securom,text,1,0
007986CC,024D2D6C,02537600,004936D6,securom,text,1,0
00798FF0,024CDAA4,02532110,02532110,securom,securom,0,1
007993FA,024CD6F0,025357A0,025357A0,securom,securom,0,0
0079EB8C,024D2AA8,02537920,02537920,securom,securom,0,0
007A0BC0,024CD074,02532380,02532380,securom,securom,0,1
007A1244,024CD880,02533CC0,02533CC0,securom,securom,0,0
007A1C20,024D32AC,02535770,0057EBA6,securom,text,1,1
007A2750,024D2C00,025378F0,0040A243,securom,text,1,1
007A3061,024D36DC,02532360,004B65B2,securom,text,1,0
007A9B7F,024D2C80,02535740,02535740,securom,securom,0,0
007B2BE2,024D32DC,02535710,02535710,securom,securom,0,0
007B4742,024D2E44,025378D0,00490631,securom,text,1,0
007BAEF0,024D3400,025378A0,004BC452,securom,text,1,1
007BB45E,024D3104,02532330,00501962,securom,text,1,0
007BC616,024D2E00,02533C90,02533C90,securom,securom,0,0
007BE29E,024D33B0,025356E0,025356E0,securom,securom,0,0
007BF503,024D2CA8,02532310,004E5CE6,securom,text,1,0
007C052D,024D3264,02533C60,0052FDCA,securom,text,1,0
007C0BF4,024D31C8,025356B0,004ACFC1,securom,text,1,0
007C10F0,024D3388,02537870,00579996,securom,text,1,1
007C157D,024CD5C8,02537850,004BC446,securom,text,1,0
007C2429,024D37E0,025322E0,005442C6,securom,text,1,0
007C31EA,024D358C,02533C30,02533C30,securom,securom,0,0
007C38C8,024CD774,02535690,02535690,securom,securom,0,0
007C3F1B,024D37A0,02537830,004E0F5C,securom,text,1,0
007C57F5,024CD05C,02537A80,004DDBB6,securom,text,1,0
007C6469,024CD25C,02532490,02532490,securom,securom,0,0
007C6F52,024D353C,02535900,02535900,securom,securom,0,0
007C74C0,024CDA04,02537A50,005861AA,securom,text,1,1
007C8A15,024CCFB0,02532460,00534870,securom,text,1,0
007CA4FD,024D3484,02533D70,02533D70,securom,securom,0,0
007CC7A8,024D3230,02537A30,00500483,securom,text,1,0
007CD947,024D2BFC,02533D40,02533D40,securom,securom,0,0
007CDEFA,024CD31C,025358D0,025358D0,securom,securom,0,0
007D20A9,024D2B34,025358A0,025358A0,securom,securom,0,0
007D2958,024D2BAC,02537A10,02537A10,securom,securom,0,0
007D6250,024D3478,02535880,005275F1,securom,text,1,1
007D7011,024D36C8,025379F0,00586442,securom,text,1,0
007D94CB,024D2BD8,02535860,005651A2,securom,text,1,0
007DA663,024D3798,025379C0,025379C0,securom,securom,0,0
007DB5B1,024D37B8,02533D10,0050A2A6,securom,text,1,0
007DBF39,024CD908,02535830,02535830,securom,securom,0,0
007DCD80,024D2CB4,02532440,02532440,securom,securom,0,1
007DD3F2,024D3740,02535810,00560606,securom,text,1,0
007DEBD7,024D29C0,025379A0,0051637B,securom,text,1,0
007E03EB,024CDC7C,02532420,004DE042,securom,text,1,0
007E1393,024D29FC,025357E0,025357E0,securom,securom,0,0
007E192D,024D3434,02537980,02537980,securom,securom,0,0
007E1F76,024CD310,025323F0,005763D6,securom,text,1,0
007E24F7,024D3604,02533CE0,02533CE0,securom,securom,0,0
007E30EA,024D303C,02537960,02537960,securom,securom,0,0
007E3DE0,024D3458,025323C0,025323C0,securom,securom,0,1
007E53E4,024CD0C8,025357C0,025357C0,securom,securom,0,0
007E5965,024CD464,02537940,02537940,securom,securom,0,0
007E75EC,024CD1D8,025323A0,025323A0,securom,securom,0,0
007E83B6,024CD650,025359F0,0046B346,securom,text,1,0
007E87E1,024CD014,02537C30,0046A256,securom,text,1,0
007E8EC6,024D29F0,02532560,02532560,securom,securom,0,0
007E9708,024D3520,02533E50,02533E50,securom,securom,0,0
007EC0CD,024CD66C,02537C10,02537C10,securom,securom,0,0
007EC74D,024CDD5C,02532540,02532540,securom,securom,0,0
007ED35E,024D3510,025359D0,025359D0,securom,securom,0,0
007ED9E1,024D33DC,02537BE0,02537BE0,securom,securom,0,0
007EE41F,024D3720,02532520,02532520,securom,securom,0,0
007EF095,024D37DC,02533E30,02533E30,securom,securom,0,0
007F0BAE,024D2C54,025359B0,025359B0,securom,securom,0,0
007F24FF,024D35EC,02533E10,0056AA56,securom,text,1,0
007F3215,024D2E54,02537BB0,004CC7A6,securom,text,1,0
007F409C,024D3430,025324F0,004DF583,securom,text,1,0
007F5CB4,024CD1D4,02537B80,004F30F7,securom,text,1,0
007F802C,024CD8BC,025375E0,025375E0,securom,securom,0,0
007F85FB,024CDA84,025324D0,004E1286,securom,text,1,0
007FAFEA,024D2F40,02535980,00401B16,securom,text,1,0
007FD1B8,024CD2E0,02537B50,02537B50,securom,securom,0,0
007FE560,024CD184,02535950,02535950,securom,securom,0,1
008000E2,024CDB88,02537B30,004F2888,securom,text,1,0
008020D5,024CD8B4,025324B0,005798E1,securom,text,1,0
00805097,024D3308,02533DF0,02533DF0,securom,securom,0,0
00809EE8,024CD34C,02537B00,0049A409,securom,text,1,0
0080BD03,024CDB68,02533DC0,004DDD58,securom,text,1,0
0080D6E3,024D3244,02537AE0,00513561,securom,text,1,0
0080DD44,024D2BE4,02537AB0,005798D6,securom,text,1,0
0080EF8E,024D2FAC,02533DA0,02533DA0,securom,securom,0,0
00810863,024D3580,02535920,02535920,securom,securom,0,0
00816A30,024CD844,02535BC0,004E5B86,securom,text,1,1
0081837B,024CDD28,02532760,005515F5,securom,text,1,0
008188B0,024CD5A0,02533F50,00410971,securom,text,1,1
0081A458,024D2AE0,02535BA0,02535BA0,securom,securom,0,0
0081AABD,024D34E0,02537EC0,02537EC0,securom,securom,0,0
0081BBF8,024D36BC,02535B70,0057A7EC,securom,text,1,0
0081C2A2,024D2FA4,02537EA0,00506A08,securom,text,1,0
0081EC5C,024D3760,02537E70,0056F378,securom,text,1,0
0082137E,024CD62C,02532740,02532740,securom,securom,0,0
00824C86,024D2EE8,02535B40,02535B40,securom,securom,0,0
00825551,024CCF8C,02537E50,00505386,securom,text,1,0
008264EA,024D3560,02535B20,004CEC4C,securom,text,1,0
00826939,024CD8B8,02537E30,0046DC81,securom,text,1,0
008276B7,024CD430,02532710,004A3633,securom,text,1,0
0082C143,024CDCF0,02537E00,0050F151,securom,text,1,0
0082DDC2,024CD648,025326E0,00460F26,securom,text,1,0
0082EBF0,024CD1BC,02533F30,004A89D6,securom,text,1,1
008350E5,024CCF40,02533F10,004B6E36,securom,text,1,0
00835924,024CD49C,02535B00,02535B00,securom,securom,0,0
008380C0,024D2C98,02537DE0,02537DE0,securom,securom,0,1
00838AF6,024CD994,025326B0,004D4A4E,securom,text,1,0
00839A8D,024D3360,02535AD0,00521016,securom,text,1,0
0083A0F6,024D327C,02537DB0,005442A7,securom,text,1,0
0083A6B9,024D331C,02532680,004D97C1,securom,text,1,0
00840A23,024D31A4,02532650,00472654,securom,text,1,0
0084224A,024CDA80,02535AB0,00403143,securom,text,1,0
008427C4,024CD400,02537D80,02537D80,securom,securom,0,0
008432A0,024D3220,02537D50,004EA660,securom,text,1,1
00845A33,024CDA3C,02532630,02532630,securom,securom,0,0
00846B56,024CCF98,02533EF0,02533EF0,securom,securom,0,0
008490F1,024CDA68,02535A80,02535A80,securom,securom,0,0
0084A480,024CDA9C,02537D20,02537D20,securom,securom,0,1
0084B78E,024CDCEC,02535A50,02535A50,securom,securom,0,0
0084C0B5,024D37D8,02537CF0,02537CF0,securom,securom,0,0
0084CA4F,024CDB54,02532610,02532610,securom,securom,0,0
0084D009,024D2AD0,02533ED0,02533ED0,securom,securom,0,0
0084DF10,024D3140,02537CD0,00538609,securom,text,1,1
0084E897,024D365C,025325E0,004B6E4D,securom,text,1,0
0084ED37,024CD9C4,02533EB0,0051E0A0,securom,text,1,0
00854740,024D2F9C,02537CB0,00500476,securom,text,1,1
00854DA2,024D34BC,02537C80,0056515B,securom,text,1,0
00856E1C,024CD344,025325B0,004A3606,securom,text,1,0
008589A0,024CD420,02533E80,02533E80,securom,securom,0,1
008591A6,024CD494,02535A20,00506A26,securom,text,1,0
0085A7F5,024D3738,02537C50,00559E7C,securom,text,1,0
0085AEC8,024CD6CC,02532580,004F9026,securom,text,1,0
0085B504,024CD858,02535CD0,004F8556,securom,text,1,0
0085D10B,024CDCBC,02538090,005069FD,securom,text,1,0
0085DD7A,024CD988,02534070,004CF18D,securom,text,1,0
0085E2E0,024D3548,02535CA0,02535CA0,securom,securom,0,1
0085EF28,024CD388,02538070,02538070,securom,securom,0,0
00861193,024D2FCC,02538050,02538050,securom,securom,0,0
00862B45,024CDC48,025328E0,025328E0,securom,securom,0,0
00863DDF,024D2FBC,02534040,02534040,securom,securom,0,0
00865F89,024D3424,02538020,004DCBB7,securom,text,1,0
00866677,024D2D8C,025328B0,004B2376,securom,text,1,0
008682A9,024CD0E4,02537FF0,0040AD74,securom,text,1,0
00868873,024D2A34,02532890,00586561,securom,text,1,0
00869E25,024CD99C,02532860,02532860,securom,securom,0,0
0086A31B,024D2C14,02534020,00460754,securom,text,1,0
0086C500,024D2BD0,02532830,02532830,securom,securom,0,1
0086CBF3,024CD2D4,02533FF0,004E3A5C,securom,text,1,0
008714FB,024D3644,02533FD0,02533FD0,securom,securom,0,0
00871D8E,024CDBF0,02537FC0,02537FC0,securom,securom,0,0
0087232B,024D3800,02532800,02532800,securom,securom,0,0
008741C4,024CD6E0,02537F90,005211BC,securom,text,1,0
00874D3B,024CD970,025327E0,025327E0,securom,securom,0,0
00876819,024CCFD0,02535C80,00567896,securom,text,1,0
008784C3,024D2EB0,02537F70,02537F70,securom,securom,0,0
0087A0B6,024D3228,02535C60,02535C60,securom,securom,0,0
0087AB10,024D2A24,025327C0,025327C0,securom,securom,0,1
008844C6,024CD5DC,02535C30,02535C30,securom,securom,0,0
0088612A,024CD3C0,02537F40,02537F40,securom,securom,0,0
00886CA2,024CD00C,025327A0,025327A0,securom,securom,0,0
00887D82,024D3420,02533FA0,02533FA0,securom,securom,0,0
0088CAE7,024D3298,02535C10,0056F471,securom,text,1,0
0088CFFB,024CCFDC,02537F20,00579891,securom,text,1,0
0088F579,024CDCE4,02533F70,02533F70,securom,securom,0,0
0088F9D3,024D30F4,02535BE0,02535BE0,securom,securom,0,0
0089064A,024CD9FC,02532780,0040ECB1,securom,text,1,0
008910CC,024CD4B4,02538190,02538190,securom,securom,0,0
00891A83,024CD758,025329A0,025329A0,securom,securom,0,0
00892D5D,024D2F94,02534120,02534120,securom,securom,0,0
00893896,024D2EC8,02535DC0,02535DC0,securom,securom,0,0
008956FA,024CD278,02532970,02532970,securom,securom,0,0
00895AFE,024CD48C,025340F0,004FF827,securom,text,1,0
00895F60,024CD1EC,02535D90,02535D90,securom,securom,0,1
00898644,024D34A0,02538160,02538160,securom,securom,0,0
0089A777,024CD5C0,02532950,02532950,securom,securom,0,0
0089AE33,024CD484,025340C0,025340C0,securom,securom,0,0
0089B390,024D30A4,02535D70,02535D70,securom,securom,0,1
0089EC83,024D2DCC,02535D40,02535D40,securom,securom,0,0
0089F0B3,024CD564,02538140,02538140,securom,securom,0,0
008A60AB,024D3680,02535D20,02535D20,securom,securom,0,0
008A8570,024CDCB8,02538120,02538120,securom,securom,0,1
008A94BB,024CD8AC,02532930,005798C0,securom,text,1,0
008AD0A6,024D31EC,02534090,02534090,securom,securom,0,0
008C42F4,024CD258,025380F0,00538EC6,securom,text,1,0
008C4C09,024D2CE8,02532900,0050B52C,securom,text,1,0
008CB7BD,024CD084,02535D00,02535D00,securom,securom,0,0
008CC0F8,024CD1A0,025380C0,025380C0,securom,securom,0,0
008CDAFA,024CCF7C,02535F00,02535F00,securom,securom,0,0
008CE0F2,024CD080,02538350,0050F146,securom,text,1,0
008CE82A,024CD190,02532B50,02532B50,securom,securom,0,0
008CF976,024CD8E4,02534250,02534250,securom,securom,0,0
008D0023,024D30D4,02535ED0,02535ED0,securom,securom,0,0
008D09A2,024CDD0C,02538330,02538330,securom,securom,0,0
008D4EC0,024CD680,02534230,02534230,securom,securom,0,1
008D53AA,024D36EC,02535EB0,02535EB0,securom,securom,0,0
008D57DD,024D2ED8,02538300,02538300,securom,securom,0,0
008D5D84,024D3050,025382E0,025382E0,securom,securom,0,0
008D618E,024D3194,02532B20,02532B20,securom,securom,0,0
008D6640,024CDA30,02534210,02534210,securom,securom,0,1
008D7880,024D3318,02535E80,02535E80,securom,securom,0,1
008DA079,024CD500,025382B0,0041EB12,securom,text,1,0
008DA733,024CD61C,02532AF0,02532AF0,securom,securom,0,0
008DAD7A,024CD2EC,02535E50,02535E50,securom,securom,0,0
008DB8A6,024D2C2C,02532AC0,02532AC0,securom,securom,0,0
008DBF10,024D2C7C,025341E0,004DCA96,securom,text,1,1
008DC3E6,024D3118,02535E30,02535E30,securom,securom,0,0
008DCDC5,024CD530,02532AA0,004DE0B6,securom,text,1,0
008DD236,024CD688,025341C0,025341C0,securom,securom,0,0
008DD871,024CD834,02535E00,02535E00,securom,securom,0,0
008DDCE1,024D3280,02538280,02538280,securom,securom,0,0
008DE1B3,024CD574,02538250,02538250,securom,securom,0,0
008DF19E,024CD000,02532A80,0043D830,securom,text,1,0
008E01C6,024CD2C8,025341A0,025341A0,securom,securom,0,0
008E0EEC,024D2FD8,02535DE0,02535DE0,securom,securom,0,0
008E2C56,024D3208,02532A60,02532A60,securom,securom,0,0
008E4BD2,024CDC8C,02534180,02534180,securom,securom,0,0
008E6CF5,024CD334,02538230,02538230,securom,securom,0,0
008E7AD2,024D2F60,02532A30,02532A30,securom,securom,0,0
008E86B2,024CD67C,02534160,02534160,securom,securom,0,0
008EA10A,024CD900,02538200,02538200,securom,securom,0,0
008EA87A,024CD4A4,025381E0,025381E0,securom,securom,0,0
008EB0B8,024CCF34,02532A00,02532A00,securom,securom,0,0
008EB61B,024D31C4,02534140,02534140,securom,securom,0,0
008EE5D6,024D2F04,025381C0,025381C0,securom,securom,0,0
008EF784,024D318C,025329D0,004644E4,securom,text,1,0
008F4AA3,024D3094,02532CC0,02532CC0,securom,securom,0,0
008F508B,024D2B24,02534350,02534350,securom,securom,0,0
008F562D,024CD3D0,02536060,02536060,securom,securom,0,0
008F70D0,024D2E84,02538490,02538490,securom,securom,0,1
008F9EDA,024D3570,02534330,02534330,securom,securom,0,0
008FA383,024CD84C,02536030,02536030,securom,securom,0,0
008FAFC7,024CD438,02538470,02538470,securom,securom,0,0
008FD44D,024D2D00,02538440,02538440,securom,securom,0,0
009016B6,024D3758,02534310,02534310,securom,securom,0,0
009081C6,024D2D2C,02536010,02536010,securom,securom,0,0
00909F76,024D2FC4,02538420,02538420,securom,securom,0,0
0090AB2F,024CCFC8,02532CA0,02532CA0,securom,securom,0,0
0090B969,024D36E4,02535FF0,02535FF0,securom,securom,0,0
0090CEFA,024D37AC,02532C80,02532C80,securom,securom,0,0
0090E856,024D33D0,02535FC0,02535FC0,securom,securom,0,0
00910B3E,024CD16C,02532C50,02532C50,securom,securom,0,0
00912346,024CD9F0,025342E0,025342E0,securom,securom,0,0
00912B45,024D2A90,02535F90,02535F90,securom,securom,0,0
00913B86,024CDCDC,02538400,02538400,securom,securom,0,0
00916576,024CDC70,02537EF0,02537EF0,securom,securom,0,0
009193F6,024CDAC4,02532C20,02532C20,securom,securom,0,0
0091ACD6,024CDB38,025342C0,025342C0,securom,securom,0,0
0091CE86,024D2B58,02535F70,02535F70,securom,securom,0,0
0091DEDE,024D2E94,025383E0,025383E0,securom,securom,0,0
00922ED6,024D29EC,02532C00,02532C00,securom,securom,0,0
00924206,024CDC00,02535F50,02535F50,securom,securom,0,0
00924F8C,024D2B70,025383C0,025383C0,securom,securom,0,0
00928D3E,024D2DEC,02532BD0,02532BD0,securom,securom,0,0
0092A486,024CD79C,025342A0,025342A0,securom,securom,0,0
0092AB24,024D378C,02535F20,02535F20,securom,securom,0,0
0092C570,024CD51C,02532BA0,02532BA0,securom,securom,0,1
009338AA,024D33C0,025383A0,0046DC76,securom,text,1,0
00938AE6,024CD324,02534280,02534280,securom,securom,0,0
0093C1D6,024D2B48,02538370,02538370,securom,securom,0,0
0093DF10,024D3690,02532B80,02532B80,securom,securom,0,1
0093F2B0,024CD248,025361F0,025361F0,securom,securom,0,1
0093F764,024CD454,02538630,02538630,securom,securom,0,0
00940647,024CD610,025344C0,025344C0,securom,securom,0,0
00943416,024D2F5C,025361C0,025361C0,securom,securom,0,0
0094B106,024CD998,02538610,02538610,securom,securom,0,0
0094BFA6,024D2E0C,02532DD0,02532DD0,securom,securom,0,0
0094EBC4,024CD8D4,025361A0,025361A0,securom,securom,0,0
00952496,024D30CC,025385F0,025385F0,securom,securom,0,0
00955C01,024D2FB0,02532DB0,02532DB0,securom,securom,0,0
00956707,024D2C44,02536180,004CCB34,securom,text,1,0
009581E6,024CCF94,02532D90,02532D90,securom,securom,0,0
00959069,024CD964,025344A0,025344A0,securom,securom,0,0
0095B305,024CDD3C,02536160,02536160,securom,securom,0,0
0095CB08,024CDBE0,02532D60,02532D60,securom,securom,0,0
0095D000,024D2B6C,02534480,02534480,securom,securom,0,1
0095F987,024D3344,025385D0,025385D0,securom,securom,0,0
00960524,024D35E4,02534460,02534460,securom,securom,0,0
009609B0,024D35F8,02536140,02536140,securom,securom,0,1
00960FA9,024D3020,025385A0,025385A0,securom,securom,0,0
00961972,024CD6BC,02532D40,02532D40,securom,securom,0,0
00962FBB,024D3654,02536110,02536110,securom,securom,0,0
009642AD,024D3490,02534440,02534440,securom,securom,0,0
00964F96,024D325C,02538580,02538580,securom,securom,0,0
00966C46,024D2E34,02534410,02534410,securom,securom,0,0
00967331,024CDBC0,025360E0,025360E0,securom,securom,0,0
00967880,024D3074,02538560,02538560,securom,securom,0,1
00968AD3,024D3710,02538530,02538530,securom,securom,0,0
0096CE04,024D2B1C,025343E0,0042CD63,securom,text,1,0
0096DD2A,024CD4A0,02532D10,02532D10,securom,securom,0,0
0096F605,024D2C88,02538510,02538510,securom,securom,0,0
009705C1,024CCFA8,025343B0,025343B0,securom,securom,0,0
00970B73,024CD028,025360C0,025360C0,securom,securom,0,0
00971260,024D33A8,025384F0,025384F0,securom,securom,0,1
00971BF4,024D350C,02534390,02534390,securom,securom,0,0
00972204,024CDA28,025360A0,025360A0,securom,securom,0,0
009757C4,024CDAF0,02534370,02534370,securom,securom,0,0
00976A31,024CDD50,025384D0,025384D0,securom,securom,0,0
00977720,024CD818,02532CF0,02532CF0,securom,securom,0,1
009780A4,024CCF04,02536650,02536650,securom,securom,0,0
00979130,024D2A80,02533110,02533110,securom,securom,0,1
0097BBC7,024CD53C,02536630,02536630,securom,securom,0,0
0097E640,024D2B44,025330E0,025330E0,securom,securom,0,1
0097FBF0,024CD3FC,025347B0,025347B0,securom,securom,0,1
009829D0,024CDA58,02538970,0048C792,securom,text,1,1
00983A41,024D2A9C,02538940,02538940,securom,securom,0,0
009841B0,024CD2C4,025330B0,025330B0,securom,securom,0,1
00984849,024D2D60,02534790,02534790,securom,securom,0,0
00985345,024D3180,02536610,02536610,securom,securom,0,0
00987FB2,024CD878,02533090,02533090,securom,securom,0,0
00989224,024CD728,025365F0,025365F0,securom,securom,0,0
00989E7F,024D2BC4,02538910,02538910,securom,securom,0,0
0098B081,024CD8C4,02533060,02533060,securom,securom,0,0
0098B8D7,024CDB24,02534770,02534770,securom,securom,0,0
0098CAA0,024D2F14,025365C0,025365C0,securom,securom,0,1
0098E51C,024D35B4,02533040,02533040,securom,securom,0,0
0098E956,024D3504,02534750,02534750,securom,securom,0,0
0098F0C6,024CDBF8,02536590,02536590,securom,securom,0,0
0098F553,024CCF5C,025388F0,025388F0,securom,securom,0,0
0098F9A0,024CD104,025384B0,025384B0,securom,securom,0,1
00990018,024D2CFC,02533020,02533020,securom,securom,0,0
00990F00,024CD950,02534720,02534720,securom,securom,0,1
009913C7,024CD7CC,02536560,02536560,securom,securom,0,0
00991A49,024CDBB0,025388C0,025388C0,securom,securom,0,0
00991F86,024CDBD0,02532FF0,02532FF0,securom,securom,0,0
009927D0,024CD890,02536540,02536540,securom,securom,0,1
00993A28,024CCFBC,025388A0,025388A0,securom,securom,0,0
009944D0,024CDC60,02532FC0,02532FC0,securom,securom,0,1
00994936,024CD604,02534700,02534700,securom,securom,0,0
00995B41,024D2B9C,02532F90,02532F90,securom,securom,0,0
00997489,024D3070,025346E0,025346E0,securom,securom,0,0
009979E6,024CD2B8,02536520,02536520,securom,securom,0,0
